POSCAR-JVASP-36866.vasp,-2.02179
POSCAR-JVASP-8688.vasp,-0.32047
POSCAR-JVASP-42941.vasp,-2.43133
POSCAR-JVASP-50342.vasp,-0.94249
POSCAR-JVASP-47623.vasp,-1.49471
POSCAR-JVASP-56686.vasp,-3.0495
POSCAR-JVASP-18987.vasp,-1.43708
POSCAR-JVASP-111971.vasp,-1.64027
POSCAR-JVASP-4864.vasp,-3.34732
POSCAR-JVASP-30768.vasp,-1.96061
POSCAR-JVASP-101857.vasp,0.07337
POSCAR-JVASP-35180.vasp,-2.37267
POSCAR-JVASP-120566.vasp,-1.30218
POSCAR-JVASP-120525.vasp,-2.93135
POSCAR-JVASP-44484.vasp,-1.34492
POSCAR-JVASP-115116.vasp,-1.72752
POSCAR-JVASP-42840.vasp,-2.63797
POSCAR-JVASP-10655.vasp,-2.15267
POSCAR-JVASP-11817.vasp,-0.68038
POSCAR-JVASP-89103.vasp,-1.49958
POSCAR-JVASP-22879.vasp,-2.46045
POSCAR-JVASP-48213.vasp,-2.11211
POSCAR-JVASP-53587.vasp,-3.14043
POSCAR-JVASP-7968.vasp,-0.87279
POSCAR-JVASP-2778.vasp,-1.73363
POSCAR-JVASP-46010.vasp,-2.6886
POSCAR-JVASP-20820.vasp,-3.23231
POSCAR-JVASP-51619.vasp,-1.52098
POSCAR-JVASP-57262.vasp,-2.29105
POSCAR-JVASP-91318.vasp,-3.20599
POSCAR-JVASP-49579.vasp,-2.75192
POSCAR-JVASP-109209.vasp,-1.14604
POSCAR-JVASP-39097.vasp,-0.72256
POSCAR-JVASP-11482.vasp,-1.16382
POSCAR-JVASP-34661.vasp,-3.58199
POSCAR-JVASP-86960.vasp,-2.02568
POSCAR-JVASP-90228.vasp,0.01013
POSCAR-JVASP-8376.vasp,-1.43062
POSCAR-JVASP-34264.vasp,-2.07366
POSCAR-JVASP-97853.vasp,-1.94364
POSCAR-JVASP-11610.vasp,-1.94731
POSCAR-JVASP-120166.vasp,-1.65271
POSCAR-JVASP-21497.vasp,-2.90034
POSCAR-JVASP-9278.vasp,-1.76006
POSCAR-JVASP-7760.vasp,-3.35197
POSCAR-JVASP-119704.vasp,-1.67204
POSCAR-JVASP-97666.vasp,-1.43717
POSCAR-JVASP-17602.vasp,0.24469
POSCAR-JVASP-85795.vasp,-1.69999
POSCAR-JVASP-11273.vasp,-1.45037
POSCAR-JVASP-116829.vasp,-2.30975
POSCAR-JVASP-35156.vasp,-0.81365
POSCAR-JVASP-10048.vasp,-1.66416
POSCAR-JVASP-112029.vasp,-0.74792
POSCAR-JVASP-42987.vasp,-1.94437
POSCAR-JVASP-48919.vasp,-1.22386
POSCAR-JVASP-8053.vasp,-2.84105
POSCAR-JVASP-118608.vasp,-1.07479
POSCAR-JVASP-99867.vasp,-1.73921
POSCAR-JVASP-10319.vasp,-1.51323
POSCAR-JVASP-57724.vasp,-3.06499
POSCAR-JVASP-44554.vasp,-2.46889
POSCAR-JVASP-79795.vasp,-1.44738
POSCAR-JVASP-10852.vasp,-1.93571
POSCAR-JVASP-51702.vasp,-1.46272
POSCAR-JVASP-49798.vasp,-2.09695
POSCAR-JVASP-97538.vasp,-1.45924
POSCAR-JVASP-11673.vasp,-3.18441
POSCAR-JVASP-12646.vasp,-1.47279
POSCAR-JVASP-104165.vasp,-0.0342
POSCAR-JVASP-119518.vasp,-2.40028
POSCAR-JVASP-10321.vasp,-2.72014
POSCAR-JVASP-110730.vasp,-2.68168
POSCAR-JVASP-111675.vasp,-1.31643
POSCAR-JVASP-46741.vasp,-2.20255
POSCAR-JVASP-55301.vasp,-2.76602
POSCAR-JVASP-40245.vasp,-1.15315
POSCAR-JVASP-20849.vasp,-2.36873
POSCAR-JVASP-49880.vasp,-2.36099
POSCAR-JVASP-99055.vasp,-2.37281
POSCAR-JVASP-92255.vasp,-1.97918
POSCAR-JVASP-4828.vasp,-2.73874
POSCAR-JVASP-52963.vasp,-2.50207
POSCAR-JVASP-106931.vasp,-2.50344
POSCAR-JVASP-42946.vasp,-2.64856
POSCAR-JVASP-9500.vasp,-2.19412
POSCAR-JVASP-43157.vasp,-1.81736
POSCAR-JVASP-90347.vasp,-1.22608
POSCAR-JVASP-48466.vasp,-1.39287
POSCAR-JVASP-36837.vasp,-1.72817
POSCAR-JVASP-91986.vasp,-1.71555
POSCAR-JVASP-50109.vasp,-2.28043
POSCAR-JVASP-118858.vasp,-0.78798
POSCAR-JVASP-46672.vasp,-2.16947
POSCAR-JVASP-57088.vasp,-1.78061
POSCAR-JVASP-120884.vasp,-0.38538
POSCAR-JVASP-10046.vasp,-2.55484
POSCAR-JVASP-33602.vasp,-1.35259
POSCAR-JVASP-100243.vasp,-1.51064
POSCAR-JVASP-9776.vasp,-3.30098
POSCAR-JVASP-10073.vasp,-2.20675
POSCAR-JVASP-48726.vasp,-2.00167
POSCAR-JVASP-50031.vasp,-3.01499
POSCAR-JVASP-46674.vasp,-2.18099
POSCAR-JVASP-79310.vasp,-0.42914
POSCAR-JVASP-44365.vasp,-2.09338
POSCAR-JVASP-116500.vasp,-1.88593
POSCAR-JVASP-105705.vasp,-0.01178
POSCAR-JVASP-22434.vasp,-2.72707
POSCAR-JVASP-101255.vasp,-1.27034
POSCAR-JVASP-104687.vasp,-1.97259
POSCAR-JVASP-12019.vasp,-0.92667
POSCAR-JVASP-10500.vasp,-2.4297
POSCAR-JVASP-26807.vasp,-3.2973
POSCAR-JVASP-88406.vasp,-2.30678
POSCAR-JVASP-27716.vasp,-2.0886
POSCAR-JVASP-42743.vasp,-1.27174
POSCAR-JVASP-58596.vasp,-1.02919
POSCAR-JVASP-118139.vasp,1.83914
POSCAR-JVASP-113749.vasp,0.21269
POSCAR-JVASP-35203.vasp,-2.01034
POSCAR-JVASP-120109.vasp,0.02734
POSCAR-JVASP-12488.vasp,-1.40941
POSCAR-JVASP-1234.vasp,-3.35196
POSCAR-JVASP-91574.vasp,-1.98568
POSCAR-JVASP-46361.vasp,-2.326
POSCAR-JVASP-118332.vasp,1.23117
POSCAR-JVASP-110284.vasp,-2.37626
POSCAR-JVASP-11778.vasp,-2.49698
POSCAR-JVASP-57176.vasp,-0.80013
POSCAR-JVASP-114966.vasp,-1.18919
POSCAR-JVASP-55387.vasp,-2.46166
POSCAR-JVASP-26986.vasp,-1.84518
POSCAR-JVASP-30170.vasp,-1.66267
POSCAR-JVASP-23052.vasp,-2.52272
POSCAR-JVASP-44472.vasp,-1.9902
POSCAR-JVASP-120570.vasp,-2.04782
POSCAR-JVASP-52275.vasp,-3.09538
POSCAR-JVASP-118495.vasp,-0.91495
POSCAR-JVASP-101980.vasp,-0.54878
POSCAR-JVASP-120169.vasp,-3.91962
POSCAR-JVASP-100414.vasp,-3.90991
POSCAR-JVASP-95470.vasp,-1.38912
POSCAR-JVASP-117068.vasp,-2.105
POSCAR-JVASP-37314.vasp,-2.9274
POSCAR-JVASP-48823.vasp,-1.79216
POSCAR-JVASP-45902.vasp,-2.87449
POSCAR-JVASP-117740.vasp,-0.7353
POSCAR-JVASP-9867.vasp,-0.46603
POSCAR-JVASP-12709.vasp,-0.80898
POSCAR-JVASP-57303.vasp,-1.9871
POSCAR-JVASP-8624.vasp,-2.24663
POSCAR-JVASP-29437.vasp,-2.91704
POSCAR-JVASP-95603.vasp,-2.28478
POSCAR-JVASP-119546.vasp,-1.68654
POSCAR-JVASP-86927.vasp,-3.25257
POSCAR-JVASP-52467.vasp,-2.19165
POSCAR-JVASP-51412.vasp,-0.84793
POSCAR-JVASP-93460.vasp,-1.80476
POSCAR-JVASP-97949.vasp,-2.91406
POSCAR-JVASP-117430.vasp,-2.02123
POSCAR-JVASP-43362.vasp,-1.51461
POSCAR-JVASP-50099.vasp,-1.41209
POSCAR-JVASP-10558.vasp,-2.87847
POSCAR-JVASP-10040.vasp,-1.90576
POSCAR-JVASP-116553.vasp,-0.91306
POSCAR-JVASP-11675.vasp,-1.85517
POSCAR-JVASP-10080.vasp,-3.28011
POSCAR-JVASP-54717.vasp,-0.8782
POSCAR-JVASP-98534.vasp,-2.70426
POSCAR-JVASP-103371.vasp,-3.42355
POSCAR-JVASP-8418.vasp,-1.94301
POSCAR-JVASP-113239.vasp,-2.2023
POSCAR-JVASP-36770.vasp,-0.50741
POSCAR-JVASP-107365.vasp,-2.3169
POSCAR-JVASP-10734.vasp,-1.62059
POSCAR-JVASP-40684.vasp,-2.1119
POSCAR-JVASP-30401.vasp,-2.71207
POSCAR-JVASP-15924.vasp,-2.50953
POSCAR-JVASP-28388.vasp,-1.66988
POSCAR-JVASP-120069.vasp,-2.49353
POSCAR-JVASP-50371.vasp,-2.83236
POSCAR-JVASP-36729.vasp,2.09382
POSCAR-JVASP-45991.vasp,-3.40877
POSCAR-JVASP-98541.vasp,0.16914
POSCAR-JVASP-117803.vasp,0.19163
POSCAR-JVASP-50168.vasp,-1.10895
POSCAR-JVASP-8108.vasp,-2.10585
POSCAR-JVASP-47532.vasp,-1.20979
POSCAR-JVASP-12575.vasp,-1.57036
POSCAR-JVASP-92508.vasp,-2.21034
POSCAR-JVASP-47845.vasp,-2.23278
POSCAR-JVASP-24953.vasp,-1.93007
POSCAR-JVASP-97313.vasp,-3.42531
POSCAR-JVASP-7991.vasp,-1.46475
POSCAR-JVASP-42295.vasp,-1.91524
POSCAR-JVASP-56669.vasp,-1.44302
POSCAR-JVASP-90143.vasp,-1.67662
POSCAR-JVASP-14147.vasp,-2.53251
POSCAR-JVASP-91469.vasp,-2.52952
POSCAR-JVASP-13312.vasp,-1.93227
POSCAR-JVASP-86545.vasp,-2.89888
POSCAR-JVASP-11520.vasp,-2.07476
POSCAR-JVASP-120898.vasp,-0.22026
POSCAR-JVASP-55257.vasp,-2.78032
POSCAR-JVASP-98074.vasp,-1.91125
POSCAR-JVASP-114893.vasp,0.57085
POSCAR-JVASP-111148.vasp,-2.43368
POSCAR-JVASP-46150.vasp,-1.50141
POSCAR-JVASP-54768.vasp,-2.7387
POSCAR-JVASP-90006.vasp,-1.31317
POSCAR-JVASP-115789.vasp,-2.21557
POSCAR-JVASP-54386.vasp,-2.10682
POSCAR-JVASP-119361.vasp,-1.28924
POSCAR-JVASP-119094.vasp,-2.20561
POSCAR-JVASP-115026.vasp,-0.09954
POSCAR-JVASP-9981.vasp,-1.75643
POSCAR-JVASP-49588.vasp,-2.78535
POSCAR-JVASP-106180.vasp,-1.64956
POSCAR-JVASP-118615.vasp,-1.17819
POSCAR-JVASP-122113.vasp,-2.21375
POSCAR-JVASP-13384.vasp,-1.23716
POSCAR-JVASP-119374.vasp,-2.18521
POSCAR-JVASP-29301.vasp,-1.55039
POSCAR-JVASP-48124.vasp,-2.61195
POSCAR-JVASP-33682.vasp,0.16055
POSCAR-JVASP-33121.vasp,-0.70735
POSCAR-JVASP-9622.vasp,-2.04794
POSCAR-JVASP-12112.vasp,-2.94978
POSCAR-JVASP-86410.vasp,-2.55837
POSCAR-JVASP-57074.vasp,-1.59123
POSCAR-JVASP-29844.vasp,-1.13233
POSCAR-JVASP-46921.vasp,-1.78471
POSCAR-JVASP-45861.vasp,-1.58764
POSCAR-JVASP-12662.vasp,-1.197
POSCAR-JVASP-59274.vasp,-3.20579
POSCAR-JVASP-52424.vasp,-1.79879
POSCAR-JVASP-10201.vasp,-2.75169
POSCAR-JVASP-50502.vasp,-1.70861
POSCAR-JVASP-9192.vasp,-1.7667
POSCAR-JVASP-85667.vasp,-1.95483
POSCAR-JVASP-52660.vasp,-3.354
POSCAR-JVASP-4837.vasp,-1.73835
POSCAR-JVASP-1285.vasp,-2.08593
POSCAR-JVASP-107079.vasp,-3.02198
POSCAR-JVASP-97500.vasp,-0.19644
POSCAR-JVASP-106880.vasp,-2.77357
POSCAR-JVASP-53014.vasp,-0.47201
POSCAR-JVASP-55758.vasp,-0.81779
POSCAR-JVASP-42259.vasp,-2.11934
POSCAR-JVASP-59110.vasp,-2.41811
POSCAR-JVASP-116693.vasp,-1.36704
POSCAR-JVASP-49890.vasp,-2.35212
POSCAR-JVASP-101929.vasp,-1.22258
POSCAR-JVASP-9712.vasp,-3.35198
POSCAR-JVASP-12213.vasp,-2.35215
POSCAR-JVASP-121176.vasp,-1.08919
POSCAR-JVASP-12232.vasp,-1.53614
POSCAR-JVASP-86434.vasp,-2.55148
POSCAR-JVASP-31809.vasp,-1.54298
POSCAR-JVASP-50858.vasp,-3.57668
POSCAR-JVASP-9142.vasp,-2.38316
POSCAR-JVASP-44376.vasp,-1.66558
POSCAR-JVASP-12056.vasp,-0.82102
POSCAR-JVASP-23231.vasp,-2.21031
POSCAR-JVASP-114629.vasp,-0.90841
POSCAR-JVASP-112505.vasp,-1.87651
POSCAR-JVASP-44145.vasp,-1.50418
POSCAR-JVASP-21537.vasp,-1.34555
POSCAR-JVASP-112038.vasp,-0.06504
POSCAR-JVASP-46152.vasp,-2.59803
POSCAR-JVASP-40709.vasp,-2.2161
POSCAR-JVASP-119153.vasp,-3.72797
POSCAR-JVASP-42971.vasp,-2.04915
POSCAR-JVASP-92267.vasp,-0.28355
POSCAR-JVASP-29401.vasp,-1.83354
POSCAR-JVASP-99115.vasp,-2.64681
POSCAR-JVASP-9726.vasp,-1.97755
POSCAR-JVASP-116714.vasp,-3.16784
POSCAR-JVASP-50915.vasp,-2.36009
POSCAR-JVASP-118823.vasp,-3.07739
POSCAR-JVASP-97433.vasp,-2.03953
POSCAR-JVASP-37300.vasp,-2.02424
POSCAR-JVASP-96820.vasp,-2.86659
POSCAR-JVASP-96793.vasp,-2.64041
POSCAR-JVASP-47989.vasp,-1.28131
POSCAR-JVASP-46142.vasp,-1.87651
POSCAR-JVASP-11079.vasp,-3.44789
POSCAR-JVASP-110926.vasp,-2.11098
POSCAR-JVASP-36762.vasp,-0.88073
POSCAR-JVASP-17616.vasp,-0.86451
POSCAR-JVASP-57256.vasp,-1.97435
POSCAR-JVASP-101839.vasp,-0.07612
POSCAR-JVASP-51015.vasp,-1.44531
POSCAR-JVASP-120499.vasp,-2.58576
POSCAR-JVASP-109432.vasp,-2.52765
POSCAR-JVASP-50684.vasp,-1.63738
POSCAR-JVASP-93245.vasp,-1.3135
POSCAR-JVASP-39640.vasp,-3.33641
POSCAR-JVASP-54755.vasp,-2.06537
POSCAR-JVASP-104015.vasp,-0.34333
POSCAR-JVASP-104765.vasp,-2.49702
POSCAR-JVASP-109497.vasp,-1.11152
POSCAR-JVASP-3252.vasp,-3.24311
POSCAR-JVASP-25777.vasp,-3.06124
POSCAR-JVASP-109902.vasp,-0.94948
POSCAR-JVASP-104123.vasp,0.06136
POSCAR-JVASP-47678.vasp,-1.83351
POSCAR-JVASP-42484.vasp,-2.06223
POSCAR-JVASP-44319.vasp,-2.15475
POSCAR-JVASP-93954.vasp,-1.80492
POSCAR-JVASP-117612.vasp,-1.16394
POSCAR-JVASP-34177.vasp,-1.8541
POSCAR-JVASP-37634.vasp,-1.3872
POSCAR-JVASP-25807.vasp,-2.59759
POSCAR-JVASP-34712.vasp,-3.03938
POSCAR-JVASP-35134.vasp,-3.65029
POSCAR-JVASP-52600.vasp,-1.23264
POSCAR-JVASP-111641.vasp,-1.97616
POSCAR-JVASP-96799.vasp,-2.55476
POSCAR-JVASP-62587.vasp,-2.82556
POSCAR-JVASP-51668.vasp,-1.56302
POSCAR-JVASP-118646.vasp,-1.47908
POSCAR-JVASP-119733.vasp,-2.40256
POSCAR-JVASP-51725.vasp,-1.35024
POSCAR-JVASP-54721.vasp,-1.63354
POSCAR-JVASP-57259.vasp,-1.68962
POSCAR-JVASP-98358.vasp,-1.4341
POSCAR-JVASP-35198.vasp,-2.47161
POSCAR-JVASP-120869.vasp,-0.65968
POSCAR-JVASP-43669.vasp,-2.06056
POSCAR-JVASP-44636.vasp,-2.11775
POSCAR-JVASP-8605.vasp,-2.73287
POSCAR-JVASP-118818.vasp,-0.58827
POSCAR-JVASP-52540.vasp,-3.0445
POSCAR-JVASP-9381.vasp,-2.10683
POSCAR-JVASP-36615.vasp,-1.86266
POSCAR-JVASP-21530.vasp,-2.71253
POSCAR-JVASP-85682.vasp,-1.11721
POSCAR-JVASP-46407.vasp,-1.91068
POSCAR-JVASP-120978.vasp,0.39194
POSCAR-JVASP-30163.vasp,-1.93296
POSCAR-JVASP-55714.vasp,-0.37634
POSCAR-JVASP-106677.vasp,-3.0821
POSCAR-JVASP-52578.vasp,-4.00696
POSCAR-JVASP-48152.vasp,-2.39351
POSCAR-JVASP-97426.vasp,-3.47244
POSCAR-JVASP-117980.vasp,-0.64254
POSCAR-JVASP-47526.vasp,-2.15882
POSCAR-JVASP-43585.vasp,-1.69088
POSCAR-JVASP-36188.vasp,-2.72267
POSCAR-JVASP-9832.vasp,-2.47595
POSCAR-JVASP-49836.vasp,-3.35291
POSCAR-JVASP-10251.vasp,-1.86875
POSCAR-JVASP-45374.vasp,-3.19724
POSCAR-JVASP-44502.vasp,-1.49571
POSCAR-JVASP-101809.vasp,-0.02307
POSCAR-JVASP-47558.vasp,-2.57085
POSCAR-JVASP-42838.vasp,-1.75063
POSCAR-JVASP-55596.vasp,-3.06259
POSCAR-JVASP-11278.vasp,-1.22216
POSCAR-JVASP-104031.vasp,-0.10039
POSCAR-JVASP-27717.vasp,-1.89175
POSCAR-JVASP-93235.vasp,-1.48244
POSCAR-JVASP-102843.vasp,-1.81221
POSCAR-JVASP-36850.vasp,-1.21096
POSCAR-JVASP-116496.vasp,-1.88648
POSCAR-JVASP-14208.vasp,-2.54305
POSCAR-JVASP-23964.vasp,-1.1998
POSCAR-JVASP-90635.vasp,-2.46799
POSCAR-JVASP-43370.vasp,-2.25723
POSCAR-JVASP-103016.vasp,-0.85951
POSCAR-JVASP-97446.vasp,-1.24337
POSCAR-JVASP-117102.vasp,-2.62586
POSCAR-JVASP-57434.vasp,-2.71605
POSCAR-JVASP-50388.vasp,-3.63974
POSCAR-JVASP-49876.vasp,-2.81593
POSCAR-JVASP-21034.vasp,-1.91515
POSCAR-JVASP-40994.vasp,-1.7655
POSCAR-JVASP-62630.vasp,-3.00807
POSCAR-JVASP-119150.vasp,-1.39084
POSCAR-JVASP-9337.vasp,-2.1377
POSCAR-JVASP-107769.vasp,-3.66136
POSCAR-JVASP-9411.vasp,-3.52729
POSCAR-JVASP-116843.vasp,-1.92479
POSCAR-JVASP-111635.vasp,-1.81094
POSCAR-JVASP-61919.vasp,-2.04861
POSCAR-JVASP-10104.vasp,-3.31957
POSCAR-JVASP-57540.vasp,-1.70788
POSCAR-JVASP-118555.vasp,-0.14871
POSCAR-JVASP-108832.vasp,-1.11713
POSCAR-JVASP-19041.vasp,-2.79689
POSCAR-JVASP-30203.vasp,0.25587
POSCAR-JVASP-107098.vasp,-3.10903
POSCAR-JVASP-118497.vasp,-1.28775
POSCAR-JVASP-11374.vasp,-3.18786
POSCAR-JVASP-118702.vasp,-0.66253
POSCAR-JVASP-40688.vasp,-2.3022
POSCAR-JVASP-32255.vasp,-1.33373
POSCAR-JVASP-36613.vasp,-1.41529
POSCAR-JVASP-49912.vasp,-1.25738
POSCAR-JVASP-29366.vasp,-2.39176
POSCAR-JVASP-51436.vasp,-2.44481
POSCAR-JVASP-43987.vasp,-2.29626
POSCAR-JVASP-29376.vasp,-1.22893
POSCAR-JVASP-95639.vasp,-2.20416
POSCAR-JVASP-103977.vasp,-0.41319
POSCAR-JVASP-35141.vasp,-3.6596
POSCAR-JVASP-120106.vasp,0.07085
POSCAR-JVASP-55309.vasp,-2.84065
POSCAR-JVASP-78860.vasp,-0.25123
POSCAR-JVASP-100026.vasp,-2.97035
POSCAR-JVASP-91913.vasp,-2.5538
POSCAR-JVASP-57528.vasp,-2.07297
POSCAR-JVASP-43545.vasp,-2.46353
POSCAR-JVASP-10652.vasp,-2.15245
POSCAR-JVASP-16911.vasp,0.16414
POSCAR-JVASP-43014.vasp,-2.17568
POSCAR-JVASP-55130.vasp,-1.0505
POSCAR-JVASP-21535.vasp,-1.77478
POSCAR-JVASP-117616.vasp,-0.56398
POSCAR-JVASP-48199.vasp,-1.36262
POSCAR-JVASP-48089.vasp,-2.14252
POSCAR-JVASP-113750.vasp,-0.41024
POSCAR-JVASP-27392.vasp,-1.36377
POSCAR-JVASP-101802.vasp,0.03896
POSCAR-JVASP-9590.vasp,-1.67941
POSCAR-JVASP-20984.vasp,-1.96653
POSCAR-JVASP-34561.vasp,-1.08227
POSCAR-JVASP-57313.vasp,-1.48926
POSCAR-JVASP-50786.vasp,-2.77061
POSCAR-JVASP-103752.vasp,-1.33923
POSCAR-JVASP-38268.vasp,-2.66518
POSCAR-JVASP-51397.vasp,-2.15106
POSCAR-JVASP-116404.vasp,1.31573
POSCAR-JVASP-57075.vasp,-0.97251
POSCAR-JVASP-58891.vasp,-1.21741
POSCAR-JVASP-52751.vasp,-2.43237
POSCAR-JVASP-49865.vasp,-2.70019
POSCAR-JVASP-55698.vasp,-1.20894
POSCAR-JVASP-46392.vasp,-0.98827
POSCAR-JVASP-12167.vasp,-3.24911
POSCAR-JVASP-103841.vasp,0.01905
POSCAR-JVASP-120437.vasp,-0.00649
POSCAR-JVASP-88199.vasp,-1.31142
POSCAR-JVASP-43846.vasp,-2.02991
POSCAR-JVASP-48403.vasp,-2.6119
POSCAR-JVASP-46292.vasp,-2.17708
POSCAR-JVASP-116368.vasp,0.15746
POSCAR-JVASP-86618.vasp,-1.73244
POSCAR-JVASP-88440.vasp,-2.55445
POSCAR-JVASP-9224.vasp,-1.26617
POSCAR-JVASP-42636.vasp,-2.91818
POSCAR-JVASP-30260.vasp,-2.69571
POSCAR-JVASP-122528.vasp,-2.87893
POSCAR-JVASP-95287.vasp,-2.57024
POSCAR-JVASP-98512.vasp,-0.39
POSCAR-JVASP-99769.vasp,-2.3431
POSCAR-JVASP-48326.vasp,-2.02418
POSCAR-JVASP-50071.vasp,-2.42889
POSCAR-JVASP-36243.vasp,-0.16648
POSCAR-JVASP-102734.vasp,-1.70331
POSCAR-JVASP-30508.vasp,-0.30529
POSCAR-JVASP-57532.vasp,-2.67922
POSCAR-JVASP-116008.vasp,-4.12591
POSCAR-JVASP-13740.vasp,-2.31649
POSCAR-JVASP-19071.vasp,-3.31838
POSCAR-JVASP-62514.vasp,-3.26708
POSCAR-JVASP-88720.vasp,-1.93397
POSCAR-JVASP-57561.vasp,-3.58583
POSCAR-JVASP-25596.vasp,-1.62376
POSCAR-JVASP-97791.vasp,-2.8395
POSCAR-JVASP-9410.vasp,-1.78745
POSCAR-JVASP-11806.vasp,-2.72587
POSCAR-JVASP-13862.vasp,-3.34738
POSCAR-JVASP-50992.vasp,-1.16381
POSCAR-JVASP-50788.vasp,-3.24919
POSCAR-JVASP-93297.vasp,-1.55357
POSCAR-JVASP-98546.vasp,-1.89453
POSCAR-JVASP-45905.vasp,-2.19599
POSCAR-JVASP-78655.vasp,-0.79117
POSCAR-JVASP-50727.vasp,-3.61032
POSCAR-JVASP-9373.vasp,-1.87044
POSCAR-JVASP-106872.vasp,-1.75368
POSCAR-JVASP-44097.vasp,-0.95354
POSCAR-JVASP-114399.vasp,-3.1393
POSCAR-JVASP-118378.vasp,-1.5912
POSCAR-JVASP-112461.vasp,-4.02623
POSCAR-JVASP-26415.vasp,-3.05792
POSCAR-JVASP-30644.vasp,-1.87588
POSCAR-JVASP-110189.vasp,-2.74118
POSCAR-JVASP-12706.vasp,-2.46592
POSCAR-JVASP-43055.vasp,-1.71732
POSCAR-JVASP-54225.vasp,-2.82611
POSCAR-JVASP-91431.vasp,-2.65939
POSCAR-JVASP-43554.vasp,-2.1534
POSCAR-JVASP-117453.vasp,-2.52524
POSCAR-JVASP-46983.vasp,-2.13195
POSCAR-JVASP-11679.vasp,-2.83807
POSCAR-JVASP-25884.vasp,-2.84597
POSCAR-JVASP-22556.vasp,-2.07159
POSCAR-JVASP-98088.vasp,-2.12573
POSCAR-JVASP-97428.vasp,-1.21489
POSCAR-JVASP-47760.vasp,-2.43891
POSCAR-JVASP-44255.vasp,-1.65659
POSCAR-JVASP-48310.vasp,-1.97129
POSCAR-JVASP-52477.vasp,-2.63322
POSCAR-JVASP-48645.vasp,-2.66891
POSCAR-JVASP-85785.vasp,-0.88515
POSCAR-JVASP-98551.vasp,-2.65468
POSCAR-JVASP-36782.vasp,-1.22149
POSCAR-JVASP-39244.vasp,-0.98063
POSCAR-JVASP-38332.vasp,-1.03013
POSCAR-JVASP-3396.vasp,-2.00963
POSCAR-JVASP-85460.vasp,-2.85398
POSCAR-JVASP-98227.vasp,-2.27476
POSCAR-JVASP-48464.vasp,-2.67009
POSCAR-JVASP-97754.vasp,-0.30008
POSCAR-JVASP-97929.vasp,-3.12111
POSCAR-JVASP-29226.vasp,-1.10265
POSCAR-JVASP-91849.vasp,-1.27507
POSCAR-JVASP-86028.vasp,-1.72065
POSCAR-JVASP-42805.vasp,-1.66742
POSCAR-JVASP-85666.vasp,-1.06144
POSCAR-JVASP-98363.vasp,-2.32945
POSCAR-JVASP-53082.vasp,-0.45428
POSCAR-JVASP-97343.vasp,-2.4227
POSCAR-JVASP-98452.vasp,-3.0414
POSCAR-JVASP-97756.vasp,-0.9957
POSCAR-JVASP-86588.vasp,-2.80792
POSCAR-JVASP-98001.vasp,-1.63722
POSCAR-JVASP-90543.vasp,-3.03298
POSCAR-JVASP-90344.vasp,-1.07459
POSCAR-JVASP-48654.vasp,-2.18225
POSCAR-JVASP-87050.vasp,-3.34975
POSCAR-JVASP-98303.vasp,-1.1274
POSCAR-JVASP-48806.vasp,-2.95106
POSCAR-JVASP-43305.vasp,-1.39052
POSCAR-JVASP-86450.vasp,-2.83756
POSCAR-JVASP-97638.vasp,-2.77491
POSCAR-JVASP-42591.vasp,-2.33225
POSCAR-JVASP-48105.vasp,-2.00157
POSCAR-JVASP-85671.vasp,-1.14951
POSCAR-JVASP-97639.vasp,-2.91772
POSCAR-JVASP-88021.vasp,-1.30977
POSCAR-JVASP-98856.vasp,-2.10427
POSCAR-JVASP-86605.vasp,-1.22782
POSCAR-JVASP-97516.vasp,-2.57552
POSCAR-JVASP-97597.vasp,-2.53448
POSCAR-JVASP-50410.vasp,-3.60696
POSCAR-JVASP-98759.vasp,-1.41618
POSCAR-JVASP-52560.vasp,-3.59074
POSCAR-JVASP-3333.vasp,-3.15494
POSCAR-JVASP-47979.vasp,-1.48433
POSCAR-JVASP-42256.vasp,-2.56836
POSCAR-JVASP-85720.vasp,-1.79554
POSCAR-JVASP-4921.vasp,-2.27259
POSCAR-JVASP-98470.vasp,-2.4421
POSCAR-JVASP-88851.vasp,-2.27493
POSCAR-JVASP-90721.vasp,-2.12236
POSCAR-JVASP-4924.vasp,-0.66645
POSCAR-JVASP-97533.vasp,-0.34744
POSCAR-JVASP-98876.vasp,-0.6848
POSCAR-JVASP-91950.vasp,-2.4201
POSCAR-JVASP-88025.vasp,-2.24745
POSCAR-JVASP-97701.vasp,-1.49288
POSCAR-JVASP-97780.vasp,-3.33446
POSCAR-JVASP-98641.vasp,-1.08312
POSCAR-JVASP-61252.vasp,-1.32126
POSCAR-JVASP-3186.vasp,-2.02163
POSCAR-JVASP-62895.vasp,-2.82696
POSCAR-JVASP-98882.vasp,-1.14955
POSCAR-JVASP-98642.vasp,-2.10183
POSCAR-JVASP-62229.vasp,-1.08469
POSCAR-JVASP-42554.vasp,-2.58012
POSCAR-JVASP-88026.vasp,-2.51904
POSCAR-JVASP-47539.vasp,-1.29831
POSCAR-JVASP-48322.vasp,-1.7975
POSCAR-JVASP-98900.vasp,-2.41086
POSCAR-JVASP-98134.vasp,-1.70542
POSCAR-JVASP-85595.vasp,-2.37492
POSCAR-JVASP-98483.vasp,-3.38278
POSCAR-JVASP-61501.vasp,-2.24381
POSCAR-JVASP-5536.vasp,-0.94091
POSCAR-JVASP-97540.vasp,-0.88685
POSCAR-JVASP-98787.vasp,-3.11301
POSCAR-JVASP-98645.vasp,-1.47866
POSCAR-JVASP-42244.vasp,-1.35576
POSCAR-JVASP-98647.vasp,-1.90234
POSCAR-JVASP-97787.vasp,-1.66989
POSCAR-JVASP-97845.vasp,-0.34511
POSCAR-JVASP-44617.vasp,-1.63005
POSCAR-JVASP-97546.vasp,-0.79468
POSCAR-JVASP-42248.vasp,-2.97398
POSCAR-JVASP-97790.vasp,-2.38155
POSCAR-JVASP-13960.vasp,-1.94731
POSCAR-JVASP-97421.vasp,-0.50729
POSCAR-JVASP-48412.vasp,-2.65028
POSCAR-JVASP-86620.vasp,-1.60568
POSCAR-JVASP-97619.vasp,-1.67675
POSCAR-JVASP-88039.vasp,-2.36431
POSCAR-JVASP-86459.vasp,-2.03441
POSCAR-JVASP-62924.vasp,-3.19087
POSCAR-JVASP-98350.vasp,-2.53007
POSCAR-JVASP-97673.vasp,-1.42121
POSCAR-JVASP-62306.vasp,-1.41017
POSCAR-JVASP-42745.vasp,-2.6436
POSCAR-JVASP-98155.vasp,-1.96952
POSCAR-JVASP-62112.vasp,-2.76184
POSCAR-JVASP-48177.vasp,-2.28982
POSCAR-JVASP-61574.vasp,-1.73733
POSCAR-JVASP-63423.vasp,-2.14242
POSCAR-JVASP-98086.vasp,-2.87935
POSCAR-JVASP-48685.vasp,-2.65222
POSCAR-JVASP-43552.vasp,-1.09786
POSCAR-JVASP-61327.vasp,-3.17031
POSCAR-JVASP-48947.vasp,-2.41776
POSCAR-JVASP-61588.vasp,-3.69287
POSCAR-JVASP-53086.vasp,-0.60455
POSCAR-JVASP-98724.vasp,-3.33711
POSCAR-JVASP-89038.vasp,-2.8341
POSCAR-JVASP-88053.vasp,-2.86126
POSCAR-JVASP-48416.vasp,-1.03361
POSCAR-JVASP-49842.vasp,-2.62696
POSCAR-JVASP-88661.vasp,-0.9407
POSCAR-JVASP-48334.vasp,-2.21658
POSCAR-JVASP-85497.vasp,-2.20264
POSCAR-JVASP-91722.vasp,-2.33548
POSCAR-JVASP-61075.vasp,-3.19087
POSCAR-JVASP-42750.vasp,-2.06516
POSCAR-JVASP-48236.vasp,-2.38905
POSCAR-JVASP-48336.vasp,-0.84957
POSCAR-JVASP-61096.vasp,-1.1514
POSCAR-JVASP-63469.vasp,-1.52689
POSCAR-JVASP-61109.vasp,-2.76184
POSCAR-JVASP-52575.vasp,-1.60978
POSCAR-JVASP-61909.vasp,-2.76184
POSCAR-JVASP-48885.vasp,-2.31856
POSCAR-JVASP-43211.vasp,-1.98887
POSCAR-JVASP-43560.vasp,-2.77969
POSCAR-JVASP-87325.vasp,-1.88024
POSCAR-JVASP-48957.vasp,-2.35969
POSCAR-JVASP-90027.vasp,-1.0173
POSCAR-JVASP-48892.vasp,-2.26791
POSCAR-JVASP-48242.vasp,-2.21357
POSCAR-JVASP-63819.vasp,-0.55636
POSCAR-JVASP-1792.vasp,-0.79128
POSCAR-JVASP-46299.vasp,-1.38749
POSCAR-JVASP-62993.vasp,-1.55911
POSCAR-JVASP-87878.vasp,-0.5504
POSCAR-JVASP-42341.vasp,-3.11874
POSCAR-JVASP-62678.vasp,-2.53251
POSCAR-JVASP-88680.vasp,-3.22698
POSCAR-JVASP-88283.vasp,-2.24729
POSCAR-JVASP-43565.vasp,-2.2573
POSCAR-JVASP-91825.vasp,-2.10977
POSCAR-JVASP-90749.vasp,1.45659
POSCAR-JVASP-50895.vasp,-1.50836
POSCAR-JVASP-42628.vasp,-1.91178
POSCAR-JVASP-48903.vasp,-1.98858
POSCAR-JVASP-85908.vasp,-1.73729
POSCAR-JVASP-89016.vasp,-2.21997
POSCAR-JVASP-87025.vasp,-2.82719
POSCAR-JVASP-43324.vasp,-2.09902
POSCAR-JVASP-50977.vasp,-1.36467
POSCAR-JVASP-42675.vasp,-3.10897
POSCAR-JVASP-48912.vasp,-2.7347
POSCAR-JVASP-86424.vasp,-2.40533
POSCAR-JVASP-85981.vasp,-1.50101
POSCAR-JVASP-91696.vasp,-1.94115
POSCAR-JVASP-89224.vasp,-2.10307
POSCAR-JVASP-88328.vasp,-0.47868
POSCAR-JVASP-47538.vasp,-2.3456
POSCAR-JVASP-50093.vasp,-2.89049
POSCAR-JVASP-50353.vasp,-3.77912
POSCAR-JVASP-87900.vasp,-3.06082
POSCAR-JVASP-42632.vasp,-2.52839
POSCAR-JVASP-85658.vasp,-0.26128
POSCAR-JVASP-88112.vasp,-1.53571
POSCAR-JVASP-53963.vasp,-3.1679
POSCAR-JVASP-48722.vasp,-2.04684
POSCAR-JVASP-50357.vasp,-2.59965
POSCAR-JVASP-48441.vasp,-1.85956
POSCAR-JVASP-44274.vasp,-1.98787
POSCAR-JVASP-87902.vasp,-2.43813
POSCAR-JVASP-20092.vasp,-1.17119
POSCAR-JVASP-42281.vasp,-2.29668
POSCAR-JVASP-95163.vasp,-1.46767
POSCAR-JVASP-18950.vasp,-0.98664
POSCAR-JVASP-42637.vasp,-2.04478
POSCAR-JVASP-60762.vasp,-0.87253
POSCAR-JVASP-91604.vasp,-3.05072
POSCAR-JVASP-87100.vasp,-1.65919
POSCAR-JVASP-48918.vasp,-2.89757
POSCAR-JVASP-95175.vasp,-1.46694
POSCAR-JVASP-91474.vasp,-1.24861
POSCAR-JVASP-95994.vasp,-3.10383
POSCAR-JVASP-91251.vasp,-3.44231
POSCAR-JVASP-86025.vasp,-1.96885
POSCAR-JVASP-60637.vasp,-2.38061
POSCAR-JVASP-53976.vasp,-1.30661
POSCAR-JVASP-44301.vasp,-2.36348
POSCAR-JVASP-92453.vasp,-0.31897
POSCAR-JVASP-52408.vasp,-0.83685
POSCAR-JVASP-91258.vasp,-2.92227
POSCAR-JVASP-15650.vasp,-2.4366
POSCAR-JVASP-92602.vasp,-2.23256
POSCAR-JVASP-96052.vasp,-1.33397
POSCAR-JVASP-95486.vasp,-3.18476
POSCAR-JVASP-92394.vasp,-1.94336
POSCAR-JVASP-3807.vasp,-2.91766
POSCAR-JVASP-96513.vasp,-1.85207
POSCAR-JVASP-93214.vasp,-2.71828
POSCAR-JVASP-52816.vasp,-3.07492
POSCAR-JVASP-1861.vasp,-1.86409
POSCAR-JVASP-95497.vasp,-2.53992
POSCAR-JVASP-105701.vasp,-1.78736
POSCAR-JVASP-87193.vasp,-2.59973
POSCAR-JVASP-105904.vasp,-3.40928
POSCAR-JVASP-91424.vasp,-3.12803
POSCAR-JVASP-91265.vasp,-2.71674
POSCAR-JVASP-18419.vasp,0.73964
POSCAR-JVASP-91213.vasp,-2.89969
POSCAR-JVASP-44329.vasp,-2.07666
POSCAR-JVASP-17344.vasp,-1.34058
POSCAR-JVASP-91268.vasp,-0.76579
POSCAR-JVASP-92469.vasp,-1.74401
POSCAR-JVASP-96923.vasp,-1.89553
POSCAR-JVASP-95376.vasp,-1.39317
POSCAR-JVASP-106146.vasp,-2.74802
POSCAR-JVASP-92284.vasp,-3.5306
POSCAR-JVASP-96791.vasp,-0.24175
POSCAR-JVASP-91216.vasp,-2.42613
POSCAR-JVASP-95381.vasp,-0.44117
POSCAR-JVASP-108106.vasp,-3.2249
POSCAR-JVASP-95240.vasp,-0.20212
POSCAR-JVASP-91275.vasp,-2.64723
POSCAR-JVASP-92478.vasp,-2.93441
POSCAR-JVASP-52370.vasp,-1.87854
POSCAR-JVASP-92763.vasp,-2.83557
POSCAR-JVASP-108114.vasp,-1.06942
POSCAR-JVASP-99286.vasp,-1.06415
POSCAR-JVASP-47523.vasp,-1.16088
POSCAR-JVASP-17348.vasp,-1.9493
POSCAR-JVASP-106085.vasp,-3.56238
POSCAR-JVASP-93231.vasp,-2.09949
POSCAR-JVASP-44035.vasp,-1.62893
POSCAR-JVASP-95282.vasp,-2.70757
POSCAR-JVASP-93455.vasp,-2.45684
POSCAR-JVASP-95248.vasp,-2.7617
POSCAR-JVASP-44042.vasp,-2.04139
POSCAR-JVASP-93458.vasp,-1.27462
POSCAR-JVASP-48281.vasp,-2.32417
POSCAR-JVASP-95085.vasp,-2.20834
POSCAR-JVASP-96166.vasp,-1.64293
POSCAR-JVASP-95739.vasp,-2.83377
POSCAR-JVASP-95257.vasp,-1.53165
POSCAR-JVASP-3171.vasp,-3.14635
POSCAR-JVASP-96935.vasp,-2.5181
POSCAR-JVASP-96878.vasp,-2.01982
POSCAR-JVASP-17352.vasp,-1.38991
POSCAR-JVASP-96811.vasp,-1.77669
POSCAR-JVASP-93700.vasp,-1.48226
POSCAR-JVASP-93248.vasp,-0.08618
POSCAR-JVASP-99128.vasp,-2.91656
POSCAR-JVASP-94848.vasp,-2.5736
POSCAR-JVASP-49795.vasp,-3.20812
POSCAR-JVASP-99365.vasp,-1.12202
POSCAR-JVASP-99531.vasp,-2.89519
POSCAR-JVASP-96825.vasp,-1.5462
POSCAR-JVASP-96943.vasp,-1.22453
POSCAR-JVASP-96826.vasp,-1.68804
POSCAR-JVASP-96944.vasp,-3.15573
POSCAR-JVASP-93477.vasp,-1.5927
POSCAR-JVASP-43243.vasp,-1.94218
POSCAR-JVASP-99619.vasp,-2.07261
POSCAR-JVASP-43297.vasp,-2.27784
POSCAR-JVASP-91459.vasp,-0.91346
POSCAR-JVASP-99031.vasp,-2.46816
POSCAR-JVASP-101372.vasp,-2.12006
POSCAR-JVASP-91390.vasp,-1.40306
POSCAR-JVASP-95456.vasp,-0.98953
POSCAR-JVASP-99863.vasp,-3.00234
POSCAR-JVASP-100135.vasp,-0.72782
POSCAR-JVASP-14944.vasp,-2.62116
POSCAR-JVASP-100063.vasp,-1.65511
POSCAR-JVASP-42679.vasp,-1.80393
POSCAR-JVASP-100136.vasp,-0.92943
POSCAR-JVASP-50610.vasp,-2.28194
POSCAR-JVASP-48296.vasp,-2.00006
POSCAR-JVASP-95650.vasp,-1.88559
POSCAR-JVASP-102205.vasp,-1.96353
POSCAR-JVASP-99589.vasp,-2.14883
POSCAR-JVASP-99546.vasp,-2.57812
POSCAR-JVASP-45135.vasp,-1.54762
POSCAR-JVASP-12195.vasp,-0.81827
POSCAR-JVASP-42155.vasp,-2.61428
POSCAR-JVASP-44587.vasp,-1.82748
POSCAR-JVASP-101539.vasp,-1.5131
POSCAR-JVASP-15615.vasp,-1.69185
POSCAR-JVASP-52989.vasp,-2.19655
POSCAR-JVASP-15998.vasp,-1.68821
POSCAR-JVASP-3966.vasp,-1.50881
POSCAR-JVASP-101653.vasp,-3.11445
POSCAR-JVASP-101654.vasp,-1.85628
POSCAR-JVASP-49747.vasp,-2.95825
POSCAR-JVASP-103225.vasp,-3.71469
POSCAR-JVASP-101165.vasp,-2.6937
POSCAR-JVASP-48301.vasp,-2.00873
POSCAR-JVASP-101890.vasp,-0.561
POSCAR-JVASP-103135.vasp,-3.01514
POSCAR-JVASP-101936.vasp,-0.77712
POSCAR-JVASP-96981.vasp,-0.91948
POSCAR-JVASP-101169.vasp,-2.98927
POSCAR-JVASP-22568.vasp,-1.0556
POSCAR-JVASP-101832.vasp,0.05491
POSCAR-JVASP-103914.vasp,-0.55167
POSCAR-JVASP-43129.vasp,-2.08453
POSCAR-JVASP-102985.vasp,-2.19919
POSCAR-JVASP-54715.vasp,-0.89101
POSCAR-JVASP-102435.vasp,-3.12446
POSCAR-JVASP-101762.vasp,-2.67125
POSCAR-JVASP-103610.vasp,-1.57525
POSCAR-JVASP-49804.vasp,-3.54602
POSCAR-JVASP-103918.vasp,-0.49429
POSCAR-JVASP-104098.vasp,-0.05673
POSCAR-JVASP-100849.vasp,-1.77599
POSCAR-JVASP-101430.vasp,-3.13256
POSCAR-JVASP-102745.vasp,-2.61135
POSCAR-JVASP-100454.vasp,-1.56905
POSCAR-JVASP-101718.vasp,-2.65058
POSCAR-JVASP-101772.vasp,-2.69265
POSCAR-JVASP-101942.vasp,-0.70565
POSCAR-JVASP-101845.vasp,-0.04383
POSCAR-JVASP-2922.vasp,-0.92314
POSCAR-JVASP-103797.vasp,-0.09201
POSCAR-JVASP-49899.vasp,-2.24096
POSCAR-JVASP-101241.vasp,-0.36201
POSCAR-JVASP-104147.vasp,-0.09543
POSCAR-JVASP-50203.vasp,-2.7962
POSCAR-JVASP-101532.vasp,-1.83327
POSCAR-JVASP-12940.vasp,-2.09376
POSCAR-JVASP-105579.vasp,-1.1453
POSCAR-JVASP-54762.vasp,-0.95488
POSCAR-JVASP-102705.vasp,-1.48378
POSCAR-JVASP-101808.vasp,0.00254
POSCAR-JVASP-43890.vasp,-1.74429
POSCAR-JVASP-42176.vasp,-1.46414
POSCAR-JVASP-101260.vasp,-1.75296
POSCAR-JVASP-106662.vasp,-3.37466
POSCAR-JVASP-102768.vasp,-2.93245
POSCAR-JVASP-101036.vasp,-1.77054
POSCAR-JVASP-106606.vasp,-1.51978
POSCAR-JVASP-43151.vasp,-2.12777
POSCAR-JVASP-50487.vasp,-1.27192
POSCAR-JVASP-106891.vasp,-2.55863
POSCAR-JVASP-104788.vasp,-2.69165
POSCAR-JVASP-51022.vasp,-1.56811
POSCAR-JVASP-104151.vasp,-0.24809
POSCAR-JVASP-103933.vasp,-0.36723
POSCAR-JVASP-3027.vasp,-2.19288
POSCAR-JVASP-104152.vasp,-0.09171
POSCAR-JVASP-4125.vasp,-3.37832
POSCAR-JVASP-50832.vasp,-3.21492
POSCAR-JVASP-43152.vasp,-1.79537
POSCAR-JVASP-103740.vasp,-2.07222
POSCAR-JVASP-104793.vasp,-1.82332
POSCAR-JVASP-103940.vasp,-1.26684
POSCAR-JVASP-107284.vasp,-3.10938
POSCAR-JVASP-104795.vasp,-3.28027
POSCAR-JVASP-43159.vasp,-1.64176
POSCAR-JVASP-107287.vasp,-1.96214
POSCAR-JVASP-1552.vasp,-3.0442
POSCAR-JVASP-106402.vasp,-3.58848
POSCAR-JVASP-50206.vasp,-2.67904
POSCAR-JVASP-54765.vasp,-1.47628
POSCAR-JVASP-106849.vasp,-2.8103
POSCAR-JVASP-16032.vasp,0.11071
POSCAR-JVASP-49759.vasp,-2.81873
POSCAR-JVASP-101883.vasp,-0.70692
POSCAR-JVASP-49762.vasp,-2.04651
POSCAR-JVASP-101885.vasp,-0.929
POSCAR-JVASP-19081.vasp,-2.4742
POSCAR-JVASP-44474.vasp,-1.2706
POSCAR-JVASP-104162.vasp,0.00688
POSCAR-JVASP-14910.vasp,-0.08248
POSCAR-JVASP-4002.vasp,-1.57861
POSCAR-JVASP-19065.vasp,-2.79186
POSCAR-JVASP-102844.vasp,-2.7259
POSCAR-JVASP-104926.vasp,-2.37879
POSCAR-JVASP-102001.vasp,-0.28477
POSCAR-JVASP-1564.vasp,-2.90465
POSCAR-JVASP-4008.vasp,-1.61365
POSCAR-JVASP-104826.vasp,-0.34296
POSCAR-JVASP-102847.vasp,-1.87886
POSCAR-JVASP-1567.vasp,-3.06388
POSCAR-JVASP-43162.vasp,-1.78279
POSCAR-JVASP-49112.vasp,-2.14587
POSCAR-JVASP-50836.vasp,-2.5437
POSCAR-JVASP-16918.vasp,-1.66569
POSCAR-JVASP-49137.vasp,-2.39545
POSCAR-JVASP-102686.vasp,-1.19832
POSCAR-JVASP-1576.vasp,-2.86903
POSCAR-JVASP-59682.vasp,0.34352
POSCAR-JVASP-18489.vasp,-1.44954
POSCAR-JVASP-43165.vasp,-2.37753
POSCAR-JVASP-105318.vasp,-2.33538
POSCAR-JVASP-48586.vasp,-1.92942
POSCAR-JVASP-12022.vasp,-2.32182
POSCAR-JVASP-104017.vasp,-0.44938
POSCAR-JVASP-102005.vasp,-0.42639
POSCAR-JVASP-103896.vasp,-0.77949
POSCAR-JVASP-3048.vasp,-2.00013
POSCAR-JVASP-104986.vasp,-1.51558
POSCAR-JVASP-42220.vasp,-2.61333
POSCAR-JVASP-105552.vasp,-3.46737
POSCAR-JVASP-43935.vasp,-2.13887
POSCAR-JVASP-107089.vasp,-2.84302
POSCAR-JVASP-104018.vasp,-0.5498
POSCAR-JVASP-104989.vasp,-2.11495
POSCAR-JVASP-13074.vasp,-0.39106
POSCAR-JVASP-22693.vasp,-0.7304
POSCAR-JVASP-43908.vasp,-1.45358
POSCAR-JVASP-52847.vasp,0.06698
POSCAR-JVASP-106536.vasp,-2.17363
POSCAR-JVASP-107593.vasp,-1.6021
POSCAR-JVASP-103961.vasp,-0.68253
POSCAR-JVASP-16926.vasp,-0.95649
POSCAR-JVASP-1219.vasp,-0.73189
POSCAR-JVASP-2220.vasp,-3.29523
POSCAR-JVASP-103962.vasp,-0.60093
POSCAR-JVASP-103899.vasp,-0.49259
POSCAR-JVASP-57946.vasp,-2.60823
POSCAR-JVASP-104889.vasp,-2.5054
POSCAR-JVASP-101968.vasp,-0.34131
POSCAR-JVASP-43915.vasp,-2.65446
POSCAR-JVASP-50974.vasp,-3.50591
POSCAR-JVASP-105402.vasp,-2.74568
POSCAR-JVASP-106650.vasp,-3.14929
POSCAR-JVASP-107546.vasp,-2.9093
POSCAR-JVASP-106652.vasp,-1.40125
POSCAR-JVASP-101969.vasp,-0.33611
POSCAR-JVASP-48594.vasp,-2.78086
POSCAR-JVASP-107718.vasp,-2.77746
POSCAR-JVASP-13009.vasp,-1.60487
POSCAR-JVASP-13094.vasp,-2.46571
POSCAR-JVASP-103967.vasp,-0.52902
POSCAR-JVASP-19093.vasp,-3.67893
POSCAR-JVASP-4870.vasp,-2.362
POSCAR-JVASP-103907.vasp,-0.69273
POSCAR-JVASP-50117.vasp,-3.61019
POSCAR-JVASP-49765.vasp,-2.94354
POSCAR-JVASP-32398.vasp,-0.69274
POSCAR-JVASP-49766.vasp,-1.56356
POSCAR-JVASP-50118.vasp,-2.60114
POSCAR-JVASP-7771.vasp,-3.88934
POSCAR-JVASP-47547.vasp,-1.73416
POSCAR-JVASP-13287.vasp,-1.66241
POSCAR-JVASP-4792.vasp,-2.69005
POSCAR-JVASP-47552.vasp,-2.5705
POSCAR-JVASP-52404.vasp,-2.31651
POSCAR-JVASP-19096.vasp,-1.79631
POSCAR-JVASP-8057.vasp,-2.67788
POSCAR-JVASP-50262.vasp,-1.91901
POSCAR-JVASP-29333.vasp,-1.59905
POSCAR-JVASP-48549.vasp,-2.53485
POSCAR-JVASP-47518.vasp,-1.83267
POSCAR-JVASP-8404.vasp,-1.91008
POSCAR-JVASP-52248.vasp,-1.65766
POSCAR-JVASP-8689.vasp,-2.41607
POSCAR-JVASP-54773.vasp,-2.83583
POSCAR-JVASP-50981.vasp,-3.14167
POSCAR-JVASP-48571.vasp,-2.69543
POSCAR-JVASP-7689.vasp,-3.19907
POSCAR-JVASP-13297.vasp,-1.77298
POSCAR-JVASP-54774.vasp,-1.17387
POSCAR-JVASP-49911.vasp,-1.74672
POSCAR-JVASP-44654.vasp,-1.40925
POSCAR-JVASP-52299.vasp,-2.59831
POSCAR-JVASP-8599.vasp,-1.6436
POSCAR-JVASP-51767.vasp,-1.3343
POSCAR-JVASP-50417.vasp,-2.11726
POSCAR-JVASP-8812.vasp,-1.00562
POSCAR-JVASP-8323.vasp,-0.83877
POSCAR-JVASP-8697.vasp,-1.56404
POSCAR-JVASP-8629.vasp,-1.97151
POSCAR-JVASP-8630.vasp,-1.83139
POSCAR-JVASP-8409.vasp,-1.78642
POSCAR-JVASP-7789.vasp,-1.15218
POSCAR-JVASP-50123.vasp,-2.30913
POSCAR-JVASP-55312.vasp,-1.94514
POSCAR-JVASP-44455.vasp,-2.0159
POSCAR-JVASP-8638.vasp,-0.98538
POSCAR-JVASP-7868.vasp,-1.00406
POSCAR-JVASP-5008.vasp,-2.82714
POSCAR-JVASP-48148.vasp,-2.05685
POSCAR-JVASP-12522.vasp,-0.37071
POSCAR-JVASP-5539.vasp,-2.10954
POSCAR-JVASP-8705.vasp,-2.15606
POSCAR-JVASP-8333.vasp,-1.42623
POSCAR-JVASP-50516.vasp,-3.68864
POSCAR-JVASP-7871.vasp,-0.63415
POSCAR-JVASP-8165.vasp,-0.25181
POSCAR-JVASP-47882.vasp,-2.13366
POSCAR-JVASP-50517.vasp,-3.22011
POSCAR-JVASP-52381.vasp,-1.99253
POSCAR-JVASP-48612.vasp,-2.27682
POSCAR-JVASP-8642.vasp,-1.74005
POSCAR-JVASP-8020.vasp,-3.58378
POSCAR-JVASP-11800.vasp,-2.08861
POSCAR-JVASP-8254.vasp,-2.34695
POSCAR-JVASP-12528.vasp,-1.56182
POSCAR-JVASP-52877.vasp,-1.16986
POSCAR-JVASP-29843.vasp,-1.8319
POSCAR-JVASP-59496.vasp,-1.47978
POSCAR-JVASP-53615.vasp,-0.60298
POSCAR-JVASP-33317.vasp,-1.81995
POSCAR-JVASP-8258.vasp,-2.04303
POSCAR-JVASP-47891.vasp,-2.38597
POSCAR-JVASP-50893.vasp,-3.12413
POSCAR-JVASP-8649.vasp,-1.94367
POSCAR-JVASP-50848.vasp,-2.74472
POSCAR-JVASP-42688.vasp,-1.59248
POSCAR-JVASP-49914.vasp,-3.47006
POSCAR-JVASP-9691.vasp,-3.40059
POSCAR-JVASP-9600.vasp,-0.46768
POSCAR-JVASP-50986.vasp,-2.01231
POSCAR-JVASP-30335.vasp,-1.07086
POSCAR-JVASP-9774.vasp,-2.92775
POSCAR-JVASP-50142.vasp,-2.97833
POSCAR-JVASP-10297.vasp,-2.84274
POSCAR-JVASP-8419.vasp,-1.70364
POSCAR-JVASP-45521.vasp,-2.59463
POSCAR-JVASP-45367.vasp,-2.5203
POSCAR-JVASP-5.vasp,-3.24104
POSCAR-JVASP-7751.vasp,-3.43139
POSCAR-JVASP-10089.vasp,-2.99265
POSCAR-JVASP-8082.vasp,-3.41747
POSCAR-JVASP-12681.vasp,-3.11826
POSCAR-JVASP-13772.vasp,-0.33973
POSCAR-JVASP-30202.vasp,-2.03632
POSCAR-JVASP-7754.vasp,-3.47044
POSCAR-JVASP-10747.vasp,-1.73848
POSCAR-JVASP-9734.vasp,-1.6223
POSCAR-JVASP-8392.vasp,-0.81827
POSCAR-JVASP-21422.vasp,-2.52149
POSCAR-JVASP-8786.vasp,-2.80265
POSCAR-JVASP-32703.vasp,-0.80244
POSCAR-JVASP-56689.vasp,-2.14649
POSCAR-JVASP-10095.vasp,-3.47103
POSCAR-JVASP-58927.vasp,-2.07048
POSCAR-JVASP-11758.vasp,-3.58754
POSCAR-JVASP-26279.vasp,-1.4968
POSCAR-JVASP-10191.vasp,-1.97753
POSCAR-JVASP-11764.vasp,-2.5749
POSCAR-JVASP-11146.vasp,-1.7945
POSCAR-JVASP-29375.vasp,-1.30322
POSCAR-JVASP-51892.vasp,-2.67481
POSCAR-JVASP-12577.vasp,-0.50465
POSCAR-JVASP-22415.vasp,-2.51983
POSCAR-JVASP-11507.vasp,-2.0945
POSCAR-JVASP-12188.vasp,-0.05621
POSCAR-JVASP-8748.vasp,-0.78714
POSCAR-JVASP-10653.vasp,-1.10403
POSCAR-JVASP-9349.vasp,-2.07081
POSCAR-JVASP-30553.vasp,-2.02903
POSCAR-JVASP-30212.vasp,-1.96944
POSCAR-JVASP-10474.vasp,-2.54035
POSCAR-JVASP-9739.vasp,-1.93996
POSCAR-JVASP-51408.vasp,-0.43271
POSCAR-JVASP-4364.vasp,-1.26775
POSCAR-JVASP-50092.vasp,-2.65326
POSCAR-JVASP-49827.vasp,-1.58231
POSCAR-JVASP-9555.vasp,-2.13935
POSCAR-JVASP-52330.vasp,-1.40822
POSCAR-JVASP-53021.vasp,-1.73107
POSCAR-JVASP-53025.vasp,-1.00392
POSCAR-JVASP-9557.vasp,-2.27206
POSCAR-JVASP-10033.vasp,-1.26782
POSCAR-JVASP-8401.vasp,-2.20674
POSCAR-JVASP-52605.vasp,-0.99263
POSCAR-JVASP-8402.vasp,-2.10077
POSCAR-JVASP-45533.vasp,-2.64797
POSCAR-JVASP-50015.vasp,-3.58277
POSCAR-JVASP-21327.vasp,-1.68971
POSCAR-JVASP-9501.vasp,-2.20183
POSCAR-JVASP-10855.vasp,-1.46627
POSCAR-JVASP-19024.vasp,-2.33165
POSCAR-JVASP-47953.vasp,-2.15302
POSCAR-JVASP-34256.vasp,-1.22114
POSCAR-JVASP-57482.vasp,-3.10138
POSCAR-JVASP-12831.vasp,-2.4312
POSCAR-JVASP-57206.vasp,-2.53861
POSCAR-JVASP-57222.vasp,-2.41882
POSCAR-JVASP-30347.vasp,-1.19827
POSCAR-JVASP-50910.vasp,-3.38914
POSCAR-JVASP-34213.vasp,-2.12705
POSCAR-JVASP-42372.vasp,-1.48288
POSCAR-JVASP-50913.vasp,-1.93819
POSCAR-JVASP-21353.vasp,-2.56646
POSCAR-JVASP-34219.vasp,-2.90122
POSCAR-JVASP-34191.vasp,-0.62117
POSCAR-JVASP-42387.vasp,-2.2604
POSCAR-JVASP-57483.vasp,-2.33446
POSCAR-JVASP-30610.vasp,-1.77677
POSCAR-JVASP-30565.vasp,-3.06207
POSCAR-JVASP-11198.vasp,-1.4043
POSCAR-JVASP-29863.vasp,-0.85794
POSCAR-JVASP-50666.vasp,-2.88236
POSCAR-JVASP-42695.vasp,-1.65662
POSCAR-JVASP-11777.vasp,-1.87939
POSCAR-JVASP-50536.vasp,-2.98858
POSCAR-JVASP-59853.vasp,-1.35185
POSCAR-JVASP-50852.vasp,-3.45761
POSCAR-JVASP-30176.vasp,-1.78885
POSCAR-JVASP-34276.vasp,-2.75637
POSCAR-JVASP-9511.vasp,-2.50861
POSCAR-JVASP-10140.vasp,-2.11064
POSCAR-JVASP-8428.vasp,-1.9098
POSCAR-JVASP-34281.vasp,-1.32831
POSCAR-JVASP-29867.vasp,-0.85685
POSCAR-JVASP-49662.vasp,-1.80229
POSCAR-JVASP-50542.vasp,-2.4465
POSCAR-JVASP-9512.vasp,-2.05297
POSCAR-JVASP-78954.vasp,-1.47493
POSCAR-JVASP-12631.vasp,-1.27914
POSCAR-JVASP-59598.vasp,-1.88968
POSCAR-JVASP-9707.vasp,-0.8115
POSCAR-JVASP-10907.vasp,-0.9284
POSCAR-JVASP-13413.vasp,-3.39428
POSCAR-JVASP-55605.vasp,-1.01344
POSCAR-JVASP-49182.vasp,-3.0792
POSCAR-JVASP-12969.vasp,-0.977
POSCAR-JVASP-49669.vasp,-2.47875
POSCAR-JVASP-9564.vasp,-1.99474
POSCAR-JVASP-79526.vasp,-2.997
POSCAR-JVASP-79307.vasp,-0.9914
POSCAR-JVASP-78876.vasp,-1.252
POSCAR-JVASP-9948.vasp,-1.93964
POSCAR-JVASP-55611.vasp,-2.75326
POSCAR-JVASP-9788.vasp,-2.29965
POSCAR-JVASP-42706.vasp,-2.09575
POSCAR-JVASP-30358.vasp,-2.32368
POSCAR-JVASP-11591.vasp,-2.5056
POSCAR-JVASP-34293.vasp,-2.39314
POSCAR-JVASP-11015.vasp,-1.49301
POSCAR-JVASP-10699.vasp,-2.991
POSCAR-JVASP-34244.vasp,-1.72329
POSCAR-JVASP-11017.vasp,-3.16979
POSCAR-JVASP-10361.vasp,-1.64326
POSCAR-JVASP-49885.vasp,-3.16463
POSCAR-JVASP-34245.vasp,-1.44673
POSCAR-JVASP-57546.vasp,-2.39434
POSCAR-JVASP-10913.vasp,-1.55685
POSCAR-JVASP-9951.vasp,-2.3968
POSCAR-JVASP-10702.vasp,-2.79231
POSCAR-JVASP-50433.vasp,-1.65642
POSCAR-JVASP-49186.vasp,-2.52324
POSCAR-JVASP-29794.vasp,-1.83755
POSCAR-JVASP-49191.vasp,-0.76713
POSCAR-JVASP-12635.vasp,-2.25022
POSCAR-JVASP-49551.vasp,-1.83374
POSCAR-JVASP-52131.vasp,-0.62117
POSCAR-JVASP-34471.vasp,-1.31156
POSCAR-JVASP-50030.vasp,-3.9164
POSCAR-JVASP-51010.vasp,-1.99349
POSCAR-JVASP-36591.vasp,-1.26986
POSCAR-JVASP-10659.vasp,-3.18989
POSCAR-JVASP-50032.vasp,-2.45284
POSCAR-JVASP-36592.vasp,-2.72633
POSCAR-JVASP-30624.vasp,-1.80056
POSCAR-JVASP-9354.vasp,-1.93738
POSCAR-JVASP-1118.vasp,-0.73481
POSCAR-JVASP-58163.vasp,-0.69674
POSCAR-JVASP-36595.vasp,-0.71209
POSCAR-JVASP-9520.vasp,-2.06704
POSCAR-JVASP-9797.vasp,-0.06542
POSCAR-JVASP-36632.vasp,-1.13757
POSCAR-JVASP-81498.vasp,-2.37249
POSCAR-JVASP-9625.vasp,-1.83568
POSCAR-JVASP-11551.vasp,-2.01176
POSCAR-JVASP-36635.vasp,-1.50393
POSCAR-JVASP-57838.vasp,-2.55732
POSCAR-JVASP-36237.vasp,-1.06245
POSCAR-JVASP-11035.vasp,-1.75095
POSCAR-JVASP-34357.vasp,-3.5071
POSCAR-JVASP-50034.vasp,-1.67701
POSCAR-JVASP-34365.vasp,-3.1967
POSCAR-JVASP-58267.vasp,-2.73778
POSCAR-JVASP-13743.vasp,-2.73876
POSCAR-JVASP-30372.vasp,-1.27933
POSCAR-JVASP-50867.vasp,-2.8637
POSCAR-JVASP-12644.vasp,-2.64099
POSCAR-JVASP-29796.vasp,-2.20265
POSCAR-JVASP-1142.vasp,-3.8247
POSCAR-JVASP-32999.vasp,-0.07083
POSCAR-JVASP-11606.vasp,-2.52267
POSCAR-JVASP-47668.vasp,-2.08555
POSCAR-JVASP-34376.vasp,-3.00652
POSCAR-JVASP-43519.vasp,-3.77072
POSCAR-JVASP-10573.vasp,-1.51804
POSCAR-JVASP-12445.vasp,-2.94023
POSCAR-JVASP-10928.vasp,-2.36427
POSCAR-JVASP-51910.vasp,-2.95856
POSCAR-JVASP-9964.vasp,-1.91916
POSCAR-JVASP-36245.vasp,-0.39377
POSCAR-JVASP-11498.vasp,-1.13755
POSCAR-JVASP-11499.vasp,-2.85176
POSCAR-JVASP-40129.vasp,-1.67265
POSCAR-JVASP-29798.vasp,-2.45103
POSCAR-JVASP-9644.vasp,-0.88871
POSCAR-JVASP-49596.vasp,-2.22756
POSCAR-JVASP-36297.vasp,-0.5238
POSCAR-JVASP-34513.vasp,-3.49965
POSCAR-JVASP-29799.vasp,-1.19102
POSCAR-JVASP-58508.vasp,-1.23476
POSCAR-JVASP-49599.vasp,-2.76226
POSCAR-JVASP-50100.vasp,-2.47261
POSCAR-JVASP-10024.vasp,-1.69452
POSCAR-JVASP-9229.vasp,-1.37993
POSCAR-JVASP-49604.vasp,-1.8079
POSCAR-JVASP-42315.vasp,-2.93299
POSCAR-JVASP-27669.vasp,-1.52701
POSCAR-JVASP-29800.vasp,-1.19117
POSCAR-JVASP-42528.vasp,-1.65291
POSCAR-JVASP-10648.vasp,-1.69076
POSCAR-JVASP-42530.vasp,-1.93456
POSCAR-JVASP-34173.vasp,-2.27962
POSCAR-JVASP-9104.vasp,-0.73704
POSCAR-JVASP-10352.vasp,-1.76857
POSCAR-JVASP-42384.vasp,-2.20043
POSCAR-JVASP-58194.vasp,-1.99352
POSCAR-JVASP-36255.vasp,-0.6429
POSCAR-JVASP-42386.vasp,-1.43468
POSCAR-JVASP-42607.vasp,-1.43944
POSCAR-JVASP-30541.vasp,-2.40171
POSCAR-JVASP-35122.vasp,-2.80108
POSCAR-JVASP-30543.vasp,-1.11063
POSCAR-JVASP-47710.vasp,-1.97271
POSCAR-JVASP-47712.vasp,-2.99491
POSCAR-JVASP-42451.vasp,-2.28829
POSCAR-JVASP-42458.vasp,-2.7355
POSCAR-JVASP-50751.vasp,-1.64191
POSCAR-JVASP-59622.vasp,0.64894
POSCAR-JVASP-50752.vasp,-3.22909
POSCAR-JVASP-42746.vasp,-1.99875
POSCAR-JVASP-57525.vasp,-2.73778
POSCAR-JVASP-35840.vasp,-3.51802
POSCAR-JVASP-58391.vasp,-2.67799
POSCAR-JVASP-21390.vasp,-2.89618
POSCAR-JVASP-22919.vasp,-3.09031
POSCAR-JVASP-57156.vasp,-1.50415
POSCAR-JVASP-22922.vasp,-2.34565
POSCAR-JVASP-29810.vasp,-1.82873
POSCAR-JVASP-57794.vasp,-2.91984
POSCAR-JVASP-51521.vasp,-1.12558
POSCAR-JVASP-20193.vasp,-3.92442
POSCAR-JVASP-35132.vasp,-3.26818
POSCAR-JVASP-22554.vasp,-1.06658
POSCAR-JVASP-22974.vasp,-2.59388
POSCAR-JVASP-59627.vasp,-2.61145
POSCAR-JVASP-23323.vasp,-0.80744
POSCAR-JVASP-50457.vasp,-3.20854
POSCAR-JVASP-36517.vasp,-2.07957
POSCAR-JVASP-60063.vasp,-1.55495
POSCAR-JVASP-50459.vasp,-2.12684
POSCAR-JVASP-50040.vasp,-3.79278
POSCAR-JVASP-51974.vasp,-3.14491
POSCAR-JVASP-58320.vasp,-2.94517
POSCAR-JVASP-29833.vasp,-1.84094
POSCAR-JVASP-23758.vasp,-2.11951
POSCAR-JVASP-58132.vasp,-0.46372
POSCAR-JVASP-43118.vasp,-2.08165
POSCAR-JVASP-23867.vasp,-0.55736
POSCAR-JVASP-20766.vasp,-1.99343
POSCAR-JVASP-50045.vasp,-0.7967
POSCAR-JVASP-21030.vasp,-2.38339
POSCAR-JVASP-51555.vasp,-2.85247
POSCAR-JVASP-26566.vasp,-3.31695
POSCAR-JVASP-59661.vasp,-2.81141
POSCAR-JVASP-58332.vasp,-2.04038
POSCAR-JVASP-26352.vasp,-1.75653
POSCAR-JVASP-26354.vasp,-1.97062
POSCAR-JVASP-58343.vasp,-2.79238
POSCAR-JVASP-58345.vasp,-2.88415
POSCAR-JVASP-25801.vasp,-2.46453
POSCAR-JVASP-23901.vasp,-2.69533
POSCAR-JVASP-26407.vasp,-2.26858
POSCAR-JVASP-23223.vasp,-1.66224
POSCAR-JVASP-26361.vasp,-1.9123
POSCAR-JVASP-31165.vasp,-0.17226
POSCAR-JVASP-40398.vasp,-2.99571
POSCAR-JVASP-25606.vasp,-2.88508
POSCAR-JVASP-26413.vasp,-2.09534
POSCAR-JVASP-26414.vasp,-2.19751
POSCAR-JVASP-21144.vasp,-2.48485
POSCAR-JVASP-41.vasp,-2.90128
POSCAR-JVASP-57073.vasp,-3.03869
POSCAR-JVASP-26626.vasp,-2.39588
POSCAR-JVASP-39095.vasp,-2.87881
POSCAR-JVASP-23239.vasp,-2.85808
POSCAR-JVASP-41331.vasp,-2.1896
POSCAR-JVASP-58354.vasp,-2.84975
POSCAR-JVASP-23187.vasp,-0.73596
POSCAR-JVASP-26420.vasp,-2.1786
POSCAR-JVASP-23189.vasp,-2.61488
POSCAR-JVASP-22780.vasp,-1.4392
POSCAR-JVASP-22782.vasp,-3.21443
POSCAR-JVASP-25109.vasp,0.07614
POSCAR-JVASP-38331.vasp,-2.1027
POSCAR-JVASP-25620.vasp,-1.45971
POSCAR-JVASP-40300.vasp,-1.89334
POSCAR-JVASP-26460.vasp,-2.76868
POSCAR-JVASP-26464.vasp,-2.10596
POSCAR-JVASP-39059.vasp,-2.10936
POSCAR-JVASP-19592.vasp,-1.49981
POSCAR-JVASP-54682.vasp,-1.23038
POSCAR-JVASP-54685.vasp,-1.19428
POSCAR-JVASP-54687.vasp,-2.88095
POSCAR-JVASP-26391.vasp,-2.81372
POSCAR-JVASP-25624.vasp,-1.83799
POSCAR-JVASP-21594.vasp,-2.68067
POSCAR-JVASP-26394.vasp,-2.32824
POSCAR-JVASP-37604.vasp,-2.19354
POSCAR-JVASP-36584.vasp,-1.61484
POSCAR-JVASP-37910.vasp,-3.5098
POSCAR-JVASP-58253.vasp,-3.40633
POSCAR-JVASP-54694.vasp,-2.01232
POSCAR-JVASP-38546.vasp,-0.3373
POSCAR-JVASP-40650.vasp,-1.30011
POSCAR-JVASP-38451.vasp,-2.75455
POSCAR-JVASP-59574.vasp,-1.82903
POSCAR-JVASP-37521.vasp,-2.08304
POSCAR-JVASP-26728.vasp,-1.27572
POSCAR-JVASP-36764.vasp,-0.42947
POSCAR-JVASP-39301.vasp,-0.44029
POSCAR-JVASP-40656.vasp,-1.61992
POSCAR-JVASP-15961.vasp,-1.79823
POSCAR-JVASP-38460.vasp,-0.5208
POSCAR-JVASP-29835.vasp,-1.8409
POSCAR-JVASP-31840.vasp,-1.48009
POSCAR-JVASP-42516.vasp,-1.80822
POSCAR-JVASP-29383.vasp,-0.79628
POSCAR-JVASP-49932.vasp,-2.7471
POSCAR-JVASP-29467.vasp,-1.09174
POSCAR-JVASP-58434.vasp,-3.06579
POSCAR-JVASP-30084.vasp,-0.88119
POSCAR-JVASP-9671.vasp,-1.93995
POSCAR-JVASP-10102.vasp,-2.90925
POSCAR-JVASP-106985.vasp,-2.40259
POSCAR-JVASP-33742.vasp,-0.90914
POSCAR-JVASP-30182.vasp,-3.00383
POSCAR-JVASP-12744.vasp,-1.34248
POSCAR-JVASP-30296.vasp,-1.00221
POSCAR-JVASP-9284.vasp,-1.19627
POSCAR-JVASP-10105.vasp,-2.54065
POSCAR-JVASP-32846.vasp,-0.78636
POSCAR-JVASP-12580.vasp,-0.74721
POSCAR-JVASP-57809.vasp,-2.37548
POSCAR-JVASP-29417.vasp,-1.21068
POSCAR-JVASP-57185.vasp,-3.39973
POSCAR-JVASP-36717.vasp,-2.60736
POSCAR-JVASP-30503.vasp,-0.6861
POSCAR-JVASP-36776.vasp,-1.24356
POSCAR-JVASP-36778.vasp,-0.88017
POSCAR-JVASP-29362.vasp,-2.10171
POSCAR-JVASP-38308.vasp,-2.12164
POSCAR-JVASP-38592.vasp,-1.86728
POSCAR-JVASP-38396.vasp,-1.75469
POSCAR-JVASP-38749.vasp,-3.04757
POSCAR-JVASP-32340.vasp,-1.46643
POSCAR-JVASP-32419.vasp,-0.1874
POSCAR-JVASP-36840.vasp,-0.35692
POSCAR-JVASP-30233.vasp,-1.16625
POSCAR-JVASP-35188.vasp,-2.11641
POSCAR-JVASP-36844.vasp,-0.69962
POSCAR-JVASP-40672.vasp,-2.16513
POSCAR-JVASP-46795.vasp,-2.47615
POSCAR-JVASP-44367.vasp,-2.40026
POSCAR-JVASP-45175.vasp,-2.19062
POSCAR-JVASP-44368.vasp,-1.48941
POSCAR-JVASP-45920.vasp,-2.0867
POSCAR-JVASP-32189.vasp,-1.11504
POSCAR-JVASP-46667.vasp,-2.34603
POSCAR-JVASP-46673.vasp,-2.21887
POSCAR-JVASP-46099.vasp,-2.21611
POSCAR-JVASP-46801.vasp,-1.51603
POSCAR-JVASP-45772.vasp,-2.29479
POSCAR-JVASP-46103.vasp,-0.92315
POSCAR-JVASP-46893.vasp,-2.20406
POSCAR-JVASP-46896.vasp,-2.89326
POSCAR-JVASP-46809.vasp,-2.53946
POSCAR-JVASP-45934.vasp,-2.31889
POSCAR-JVASP-45788.vasp,-2.28735
POSCAR-JVASP-45936.vasp,-2.64574
POSCAR-JVASP-45954.vasp,-1.45928
POSCAR-JVASP-45957.vasp,-2.30646
POSCAR-JVASP-46914.vasp,-2.97976
POSCAR-JVASP-47029.vasp,-1.56832
POSCAR-JVASP-46751.vasp,-2.04206
POSCAR-JVASP-46920.vasp,-2.61563
POSCAR-JVASP-46940.vasp,-2.04746
POSCAR-JVASP-45997.vasp,-0.25457
POSCAR-JVASP-44437.vasp,-1.99399
POSCAR-JVASP-11233.vasp,-2.6832
POSCAR-JVASP-46172.vasp,-2.11701
POSCAR-JVASP-36754.vasp,-1.05003
POSCAR-JVASP-46363.vasp,-1.37544
POSCAR-JVASP-46365.vasp,-1.72625
POSCAR-JVASP-12589.vasp,-2.05733
POSCAR-JVASP-44698.vasp,-1.62733
POSCAR-JVASP-10082.vasp,-1.34988
POSCAR-JVASP-9253.vasp,-2.14676
POSCAR-JVASP-12247.vasp,-2.02145
POSCAR-JVASP-46849.vasp,-2.00545
POSCAR-JVASP-9673.vasp,-1.14002
POSCAR-JVASP-9850.vasp,-2.10745
POSCAR-JVASP-21262.vasp,-2.43533
POSCAR-JVASP-30444.vasp,-0.97888
POSCAR-JVASP-46254.vasp,-2.24625
POSCAR-JVASP-55704.vasp,-0.52428
POSCAR-JVASP-46265.vasp,-1.52
POSCAR-JVASP-9252.vasp,-1.99527
POSCAR-JVASP-12489.vasp,-2.23418
POSCAR-JVASP-46862.vasp,-2.47957
POSCAR-JVASP-9498.vasp,-1.6905
POSCAR-JVASP-44524.vasp,-1.97579
POSCAR-JVASP-9216.vasp,-2.10831
POSCAR-JVASP-46291.vasp,-2.81626
POSCAR-JVASP-11473.vasp,-2.18131
POSCAR-JVASP-44725.vasp,-2.03553
POSCAR-JVASP-46018.vasp,-1.99542
POSCAR-JVASP-43057.vasp,-1.2442
POSCAR-JVASP-43059.vasp,-2.0214
POSCAR-JVASP-44767.vasp,-2.1594
POSCAR-JVASP-44219.vasp,-1.55928
POSCAR-JVASP-55304.vasp,-2.96684
POSCAR-JVASP-9164.vasp,-2.71763
POSCAR-JVASP-45915.vasp,-1.90539
POSCAR-JVASP-46047.vasp,-2.42246
POSCAR-JVASP-59245.vasp,-2.17504
POSCAR-JVASP-8203.vasp,-1.6167
POSCAR-JVASP-9755.vasp,-2.01952
POSCAR-JVASP-36769.vasp,-0.23103
POSCAR-JVASP-88148.vasp,-3.03558
POSCAR-JVASP-52550.vasp,-3.59408
POSCAR-JVASP-98298.vasp,-1.54274
POSCAR-JVASP-44228.vasp,-2.73009
POSCAR-JVASP-44468.vasp,-2.18794
POSCAR-JVASP-46384.vasp,-2.38788
POSCAR-JVASP-10130.vasp,-0.8895
POSCAR-JVASP-54744.vasp,-1.08518
POSCAR-JVASP-44687.vasp,-1.80567
POSCAR-JVASP-46182.vasp,-2.53841
POSCAR-JVASP-51672.vasp,-1.50541
POSCAR-JVASP-9244.vasp,-2.53306
POSCAR-JVASP-56648.vasp,-2.81317
POSCAR-JVASP-42988.vasp,-1.45581
POSCAR-JVASP-46396.vasp,-1.4121
POSCAR-JVASP-44786.vasp,-2.09324
POSCAR-JVASP-9379.vasp,-1.85429
POSCAR-JVASP-30196.vasp,-3.65483
POSCAR-JVASP-53185.vasp,-3.75072
POSCAR-JVASP-36806.vasp,-0.84872
POSCAR-JVASP-36807.vasp,-0.23157
POSCAR-JVASP-9750.vasp,-3.52265
POSCAR-JVASP-44481.vasp,-1.40832
POSCAR-JVASP-46057.vasp,-1.60602
POSCAR-JVASP-9495.vasp,-2.02587
POSCAR-JVASP-59143.vasp,-1.20657
POSCAR-JVASP-55306.vasp,-1.53792
POSCAR-JVASP-55472.vasp,-2.15654
POSCAR-JVASP-59113.vasp,-1.49756
POSCAR-JVASP-10039.vasp,-1.6466
POSCAR-JVASP-9884.vasp,-1.2404
POSCAR-JVASP-34694.vasp,-1.86164
POSCAR-JVASP-11484.vasp,-1.728
POSCAR-JVASP-12395.vasp,-2.11911
POSCAR-JVASP-9610.vasp,-1.63415
POSCAR-JVASP-9257.vasp,-2.48463
POSCAR-JVASP-10254.vasp,-2.84155
POSCAR-JVASP-10252.vasp,-0.90507
POSCAR-JVASP-9255.vasp,-1.89322
POSCAR-JVASP-54756.vasp,-1.9908
POSCAR-JVASP-9608.vasp,-0.99916
POSCAR-JVASP-43028.vasp,-1.68014
POSCAR-JVASP-44390.vasp,-1.96866
POSCAR-JVASP-12550.vasp,-2.03521
POSCAR-JVASP-9254.vasp,-2.85789
POSCAR-JVASP-43031.vasp,-2.30755
POSCAR-JVASP-49978.vasp,-3.44665
POSCAR-JVASP-52436.vasp,-1.13033
POSCAR-JVASP-52263.vasp,-2.35965
POSCAR-JVASP-44567.vasp,-2.47946
POSCAR-JVASP-21274.vasp,-2.61366
POSCAR-JVASP-42983.vasp,-1.41601
POSCAR-JVASP-46539.vasp,-2.38439
POSCAR-JVASP-43001.vasp,-2.71851
POSCAR-JVASP-55470.vasp,-1.74379
POSCAR-JVASP-10247.vasp,-2.40041
POSCAR-JVASP-46544.vasp,-1.21428
POSCAR-JVASP-44487.vasp,-1.82491
POSCAR-JVASP-43002.vasp,-2.66997
POSCAR-JVASP-43005.vasp,-2.0242
POSCAR-JVASP-10731.vasp,-1.14912
POSCAR-JVASP-11055.vasp,-2.64846
POSCAR-JVASP-12601.vasp,-1.09545
POSCAR-JVASP-10059.vasp,-2.55032
POSCAR-JVASP-12905.vasp,-1.58334
POSCAR-JVASP-17885.vasp,-1.70394
POSCAR-JVASP-30122.vasp,-1.87062
POSCAR-JVASP-10049.vasp,-1.92035
POSCAR-JVASP-9925.vasp,-1.48489
POSCAR-JVASP-10597.vasp,-1.50089
POSCAR-JVASP-32634.vasp,-1.51381
POSCAR-JVASP-11401.vasp,-3.35916
POSCAR-JVASP-11400.vasp,-3.29942
POSCAR-JVASP-10200.vasp,-3.15173
POSCAR-JVASP-9295.vasp,-1.20269
POSCAR-JVASP-46076.vasp,-3.97763
POSCAR-JVASP-12499.vasp,-1.43998
POSCAR-JVASP-17465.vasp,-1.27248
POSCAR-JVASP-51691.vasp,-2.64732
POSCAR-JVASP-43380.vasp,-2.75027
POSCAR-JVASP-17719.vasp,-1.20608
POSCAR-JVASP-17454.vasp,-2.31065
POSCAR-JVASP-20996.vasp,-2.32815
POSCAR-JVASP-57295.vasp,-2.06177
POSCAR-JVASP-57300.vasp,-1.57508
POSCAR-JVASP-20150.vasp,-3.96286
POSCAR-JVASP-23432.vasp,-2.47952
POSCAR-JVASP-57317.vasp,-2.88256
POSCAR-JVASP-29254.vasp,-1.61437
POSCAR-JVASP-25791.vasp,-0.87571
POSCAR-JVASP-13169.vasp,-1.43008
POSCAR-JVASP-57334.vasp,-2.42195
POSCAR-JVASP-13172.vasp,-3.06218
POSCAR-JVASP-42411.vasp,-2.79093
POSCAR-JVASP-90536.vasp,-2.99562
POSCAR-JVASP-97858.vasp,-1.75136
POSCAR-JVASP-5863.vasp,-0.95257
POSCAR-JVASP-57352.vasp,-2.68953
POSCAR-JVASP-25655.vasp,-1.50328
POSCAR-JVASP-52464.vasp,-3.58925
POSCAR-JVASP-25656.vasp,-1.87115
POSCAR-JVASP-57364.vasp,-2.68889
POSCAR-JVASP-37313.vasp,-1.76916
POSCAR-JVASP-22143.vasp,-2.21286
POSCAR-JVASP-25569.vasp,-2.07068
POSCAR-JVASP-16604.vasp,0.38649
POSCAR-JVASP-109011.vasp,-1.35976
POSCAR-JVASP-101368.vasp,-2.97754
POSCAR-JVASP-25574.vasp,-2.19695
POSCAR-JVASP-106228.vasp,-1.38691
POSCAR-JVASP-22884.vasp,-3.41801
POSCAR-JVASP-17462.vasp,-1.37603
POSCAR-JVASP-89976.vasp,-2.21029
POSCAR-JVASP-48313.vasp,-2.22669
POSCAR-JVASP-85278.vasp,-1.04776
POSCAR-JVASP-107741.vasp,-2.82891
POSCAR-JVASP-98300.vasp,-0.65112
POSCAR-JVASP-110230.vasp,-1.09707
POSCAR-JVASP-11488.vasp,-1.67186
POSCAR-JVASP-9338.vasp,-2.28893
POSCAR-JVASP-108687.vasp,-2.34354
POSCAR-JVASP-57723.vasp,-3.22556
POSCAR-JVASP-44550.vasp,-3.72373
POSCAR-JVASP-24329.vasp,-2.99624
POSCAR-JVASP-51695.vasp,-1.44524
POSCAR-JVASP-108178.vasp,-2.51511
POSCAR-JVASP-26772.vasp,-1.46769
POSCAR-JVASP-110322.vasp,-2.01047
POSCAR-JVASP-26756.vasp,-0.9349
POSCAR-JVASP-44380.vasp,-2.00876
POSCAR-JVASP-57874.vasp,-3.40075
POSCAR-JVASP-12114.vasp,-2.16906
POSCAR-JVASP-59884.vasp,-2.98368
POSCAR-JVASP-30312.vasp,-3.1374
POSCAR-JVASP-57704.vasp,-2.9516
POSCAR-JVASP-31172.vasp,-1.58147
POSCAR-JVASP-27242.vasp,-3.23313
POSCAR-JVASP-109165.vasp,-1.54289
POSCAR-JVASP-25868.vasp,-2.10706
POSCAR-JVASP-109105.vasp,-1.54947
POSCAR-JVASP-51065.vasp,-1.22722
POSCAR-JVASP-109213.vasp,-1.14142
POSCAR-JVASP-11699.vasp,-3.22713
POSCAR-JVASP-53343.vasp,-3.37511
POSCAR-JVASP-51708.vasp,-1.51628
POSCAR-JVASP-59885.vasp,-2.50778
POSCAR-JVASP-57189.vasp,-2.49337
POSCAR-JVASP-44552.vasp,-1.24961
POSCAR-JVASP-44131.vasp,-2.01572
POSCAR-JVASP-108153.vasp,-2.5204
POSCAR-JVASP-24306.vasp,-3.10356
POSCAR-JVASP-108758.vasp,-2.86847
POSCAR-JVASP-9574.vasp,-1.52691
POSCAR-JVASP-9144.vasp,-1.26839
POSCAR-JVASP-34773.vasp,-0.70981
POSCAR-JVASP-109907.vasp,-0.99949
POSCAR-JVASP-48071.vasp,-2.68758
POSCAR-JVASP-44135.vasp,-1.52523
POSCAR-JVASP-42275.vasp,-1.91447
POSCAR-JVASP-51698.vasp,-3.17105
POSCAR-JVASP-109216.vasp,-0.83191
POSCAR-JVASP-27181.vasp,-1.44681
POSCAR-JVASP-108806.vasp,-2.09232
POSCAR-JVASP-22950.vasp,-4.29198
POSCAR-JVASP-59744.vasp,0.55542
POSCAR-JVASP-22909.vasp,-2.19059
POSCAR-JVASP-9686.vasp,-3.34664
POSCAR-JVASP-58584.vasp,-1.1996
POSCAR-JVASP-110009.vasp,-1.97155
POSCAR-JVASP-29423.vasp,-1.75496
POSCAR-JVASP-43384.vasp,-2.8964
POSCAR-JVASP-109205.vasp,-2.20062
POSCAR-JVASP-108607.vasp,-3.03659
POSCAR-JVASP-44138.vasp,-1.54085
POSCAR-JVASP-109157.vasp,-1.59099
POSCAR-JVASP-109903.vasp,-2.64525
POSCAR-JVASP-109545.vasp,-0.95506
POSCAR-JVASP-27040.vasp,-1.32722
POSCAR-JVASP-108829.vasp,-2.46048
POSCAR-JVASP-17470.vasp,-2.76263
POSCAR-JVASP-109161.vasp,-1.22953
POSCAR-JVASP-10868.vasp,-2.49106
POSCAR-JVASP-109324.vasp,-2.64635
POSCAR-JVASP-36978.vasp,-1.40815
POSCAR-JVASP-19358.vasp,-1.40944
POSCAR-JVASP-26766.vasp,-2.78566
POSCAR-JVASP-20339.vasp,-3.85992
POSCAR-JVASP-44144.vasp,-1.92026
POSCAR-JVASP-21547.vasp,-2.84504
POSCAR-JVASP-24933.vasp,-1.32431
POSCAR-JVASP-46443.vasp,-1.98123
POSCAR-JVASP-12053.vasp,-1.35325
POSCAR-JVASP-25591.vasp,-2.05528
POSCAR-JVASP-30278.vasp,-1.10465
POSCAR-JVASP-26325.vasp,-1.08837
POSCAR-JVASP-26740.vasp,-1.8167
POSCAR-JVASP-44533.vasp,-2.36806
POSCAR-JVASP-44534.vasp,-2.11995
POSCAR-JVASP-9471.vasp,-1.15937
POSCAR-JVASP-9492.vasp,-2.19606
POSCAR-JVASP-12820.vasp,-1.27179
POSCAR-JVASP-44535.vasp,-2.48264
POSCAR-JVASP-42466.vasp,-1.65868
POSCAR-JVASP-20975.vasp,-3.31056
POSCAR-JVASP-44582.vasp,-1.71574
POSCAR-JVASP-44539.vasp,-2.38826
POSCAR-JVASP-10839.vasp,-2.85025
POSCAR-JVASP-46733.vasp,-2.02881
POSCAR-JVASP-54749.vasp,-0.97092
POSCAR-JVASP-16249.vasp,-2.70798
POSCAR-JVASP-56677.vasp,-1.43627
POSCAR-JVASP-29952.vasp,-3.68282
POSCAR-JVASP-49159.vasp,-2.48577
POSCAR-JVASP-26809.vasp,-1.42631
POSCAR-JVASP-57135.vasp,-1.44764
POSCAR-JVASP-44591.vasp,-1.6597
POSCAR-JVASP-56680.vasp,-2.02142
POSCAR-JVASP-35945.vasp,-2.40614
POSCAR-JVASP-9262.vasp,-2.26329
POSCAR-JVASP-17281.vasp,-2.362
POSCAR-JVASP-21400.vasp,-3.42991
POSCAR-JVASP-34761.vasp,-0.77684
POSCAR-JVASP-57257.vasp,-1.93975
POSCAR-JVASP-44594.vasp,-2.12414
POSCAR-JVASP-47724.vasp,-2.35392
POSCAR-JVASP-35197.vasp,-0.95373
POSCAR-JVASP-57448.vasp,-3.7555
POSCAR-JVASP-57404.vasp,-2.45225
POSCAR-JVASP-10291.vasp,-0.12043
POSCAR-JVASP-9176.vasp,-2.00158
POSCAR-JVASP-55439.vasp,-1.95428
POSCAR-JVASP-59167.vasp,-1.96574
POSCAR-JVASP-46707.vasp,-2.21782
POSCAR-JVASP-59594.vasp,-2.04197
POSCAR-JVASP-57737.vasp,-3.63503
POSCAR-JVASP-52115.vasp,-1.90132
POSCAR-JVASP-19266.vasp,-1.6363
POSCAR-JVASP-55806.vasp,-1.82772
POSCAR-JVASP-12474.vasp,-0.36575
POSCAR-JVASP-59059.vasp,-2.05256
POSCAR-JVASP-58463.vasp,-3.0358
POSCAR-JVASP-40499.vasp,-2.58935
POSCAR-JVASP-46711.vasp,-2.00594
POSCAR-JVASP-20860.vasp,-1.91332
POSCAR-JVASP-30680.vasp,-2.04953
POSCAR-JVASP-58436.vasp,-2.79756
POSCAR-JVASP-25966.vasp,-3.16806
POSCAR-JVASP-57722.vasp,-2.28247
POSCAR-JVASP-54616.vasp,-1.86255
POSCAR-JVASP-44400.vasp,-1.80682
POSCAR-JVASP-30681.vasp,-2.30017
POSCAR-JVASP-44407.vasp,-1.73416
POSCAR-JVASP-57146.vasp,-2.55776
POSCAR-JVASP-57282.vasp,-1.51795
POSCAR-JVASP-57653.vasp,-0.63107
POSCAR-JVASP-12888.vasp,-1.6472
POSCAR-JVASP-4993.vasp,-0.64619
POSCAR-JVASP-44378.vasp,-1.16989
POSCAR-JVASP-58532.vasp,-3.0394
POSCAR-JVASP-52194.vasp,-2.91268
POSCAR-JVASP-60070.vasp,-2.47904
POSCAR-JVASP-49229.vasp,-3.19445
POSCAR-JVASP-55252.vasp,-2.78101
POSCAR-JVASP-60071.vasp,-2.60982
POSCAR-JVASP-5488.vasp,-2.38058
POSCAR-JVASP-111103.vasp,-2.09641
POSCAR-JVASP-111105.vasp,-1.58865
POSCAR-JVASP-106393.vasp,-2.41616
POSCAR-JVASP-110489.vasp,-3.09053
POSCAR-JVASP-110331.vasp,-2.96127
POSCAR-JVASP-110732.vasp,-1.98018
POSCAR-JVASP-110389.vasp,-2.6531
POSCAR-JVASP-110735.vasp,-3.31274
POSCAR-JVASP-30791.vasp,-2.04748
POSCAR-JVASP-114152.vasp,-0.4082
POSCAR-JVASP-115793.vasp,-1.47105
POSCAR-JVASP-112383.vasp,-0.77226
POSCAR-JVASP-115813.vasp,-3.16517
POSCAR-JVASP-115816.vasp,-0.56665
POSCAR-JVASP-114174.vasp,-1.46536
POSCAR-JVASP-103118.vasp,-2.78597
POSCAR-JVASP-115871.vasp,0.63154
POSCAR-JVASP-114280.vasp,-0.63472
POSCAR-JVASP-114288.vasp,-0.97639
POSCAR-JVASP-112434.vasp,-2.86105
POSCAR-JVASP-115940.vasp,-1.07237
POSCAR-JVASP-111478.vasp,-1.56532
POSCAR-JVASP-114368.vasp,-0.75097
POSCAR-JVASP-116063.vasp,-2.11656
POSCAR-JVASP-114371.vasp,-0.38183
POSCAR-JVASP-114380.vasp,-2.97629
POSCAR-JVASP-114402.vasp,-0.36656
POSCAR-JVASP-111627.vasp,-2.09186
POSCAR-JVASP-114448.vasp,-0.88816
POSCAR-JVASP-116192.vasp,-0.73647
POSCAR-JVASP-116225.vasp,-2.85831
POSCAR-JVASP-111760.vasp,-3.17272
POSCAR-JVASP-114503.vasp,-1.50105
POSCAR-JVASP-116260.vasp,-2.48324
POSCAR-JVASP-111841.vasp,-1.78822
POSCAR-JVASP-116288.vasp,-1.46188
POSCAR-JVASP-111863.vasp,-1.23549
POSCAR-JVASP-116322.vasp,0.64048
POSCAR-JVASP-116326.vasp,-3.0441
POSCAR-JVASP-111893.vasp,-2.4866
POSCAR-JVASP-114576.vasp,-0.9198
POSCAR-JVASP-112606.vasp,-2.44738
POSCAR-JVASP-111907.vasp,-2.39688
POSCAR-JVASP-112612.vasp,-2.56347
POSCAR-JVASP-116390.vasp,-0.44576
POSCAR-JVASP-114623.vasp,0.40394
POSCAR-JVASP-114624.vasp,0.39508
POSCAR-JVASP-111960.vasp,-2.17904
POSCAR-JVASP-116418.vasp,-1.7967
POSCAR-JVASP-112669.vasp,-2.59332
POSCAR-JVASP-112670.vasp,-2.24328
POSCAR-JVASP-112021.vasp,-0.08974
POSCAR-JVASP-112697.vasp,-2.14156
POSCAR-JVASP-114728.vasp,-3.18288
POSCAR-JVASP-112030.vasp,-0.5343
POSCAR-JVASP-114757.vasp,-0.4818
POSCAR-JVASP-114762.vasp,0.1551
POSCAR-JVASP-112035.vasp,-0.02918
POSCAR-JVASP-116540.vasp,-3.01309
POSCAR-JVASP-112751.vasp,-2.46355
POSCAR-JVASP-112058.vasp,-0.50913
POSCAR-JVASP-116577.vasp,-0.99258
POSCAR-JVASP-112061.vasp,-0.61043
POSCAR-JVASP-112770.vasp,-2.17894
POSCAR-JVASP-114897.vasp,-1.71939
POSCAR-JVASP-112067.vasp,0.09333
POSCAR-JVASP-112073.vasp,-0.02254
POSCAR-JVASP-112786.vasp,-0.95907
POSCAR-JVASP-112803.vasp,-2.59064
POSCAR-JVASP-112089.vasp,-0.14938
POSCAR-JVASP-112090.vasp,-0.19873
POSCAR-JVASP-112815.vasp,-1.30889
POSCAR-JVASP-115001.vasp,-1.73067
POSCAR-JVASP-112823.vasp,-1.66079
POSCAR-JVASP-116650.vasp,-2.19574
POSCAR-JVASP-112841.vasp,-2.78201
POSCAR-JVASP-115064.vasp,-1.15275
POSCAR-JVASP-115085.vasp,-2.8465
POSCAR-JVASP-116713.vasp,-3.01122
POSCAR-JVASP-115096.vasp,-1.93558
POSCAR-JVASP-116717.vasp,-2.17255
POSCAR-JVASP-115110.vasp,0.43861
POSCAR-JVASP-115115.vasp,-0.79113
POSCAR-JVASP-115117.vasp,-1.75504
POSCAR-JVASP-112884.vasp,-1.36443
POSCAR-JVASP-112888.vasp,-1.4858
POSCAR-JVASP-112913.vasp,-1.75153
POSCAR-JVASP-112914.vasp,-1.89677
POSCAR-JVASP-112916.vasp,-1.87252
POSCAR-JVASP-112147.vasp,-0.75068
POSCAR-JVASP-112920.vasp,-2.04477
POSCAR-JVASP-112155.vasp,-0.76635
POSCAR-JVASP-112926.vasp,-1.36853
POSCAR-JVASP-112932.vasp,-1.12177
POSCAR-JVASP-112939.vasp,-0.18747
POSCAR-JVASP-115229.vasp,-3.03453
POSCAR-JVASP-116811.vasp,-2.74017
POSCAR-JVASP-115236.vasp,-1.74482
POSCAR-JVASP-112955.vasp,-2.57265
POSCAR-JVASP-112956.vasp,-2.37601
POSCAR-JVASP-115254.vasp,-1.03056
POSCAR-JVASP-112182.vasp,-0.3967
POSCAR-JVASP-112183.vasp,-0.34321
POSCAR-JVASP-112184.vasp,-0.35636
POSCAR-JVASP-115297.vasp,-1.5626
POSCAR-JVASP-116847.vasp,-1.68762
POSCAR-JVASP-116860.vasp,-1.93017
POSCAR-JVASP-116863.vasp,-1.95327
POSCAR-JVASP-115326.vasp,-0.49724
POSCAR-JVASP-115337.vasp,2.66527
POSCAR-JVASP-115344.vasp,1.50107
POSCAR-JVASP-113076.vasp,-3.05054
POSCAR-JVASP-112225.vasp,-0.33549
POSCAR-JVASP-113122.vasp,-2.03741
POSCAR-JVASP-115472.vasp,-1.14172
POSCAR-JVASP-112236.vasp,-0.07598
POSCAR-JVASP-113129.vasp,-1.90207
POSCAR-JVASP-115491.vasp,-0.98207
POSCAR-JVASP-113156.vasp,-2.06502
POSCAR-JVASP-116874.vasp,-1.52049
POSCAR-JVASP-112249.vasp,-0.4825
POSCAR-JVASP-116890.vasp,-1.23904
POSCAR-JVASP-116891.vasp,-2.04303
POSCAR-JVASP-113178.vasp,-1.96421
POSCAR-JVASP-113184.vasp,-2.63767
POSCAR-JVASP-116897.vasp,-2.20379
POSCAR-JVASP-115594.vasp,-1.7459
POSCAR-JVASP-115596.vasp,-1.75361
POSCAR-JVASP-115603.vasp,-2.77437
POSCAR-JVASP-113199.vasp,-1.58265
POSCAR-JVASP-116929.vasp,-1.89124
POSCAR-JVASP-113214.vasp,-2.34218
POSCAR-JVASP-115665.vasp,-0.46987
POSCAR-JVASP-116946.vasp,-0.74644
POSCAR-JVASP-105517.vasp,-2.13712
POSCAR-JVASP-115704.vasp,-0.88513
POSCAR-JVASP-113243.vasp,-2.3572
POSCAR-JVASP-113258.vasp,-2.26514
POSCAR-JVASP-116997.vasp,-2.63407
POSCAR-JVASP-113446.vasp,-0.90016
POSCAR-JVASP-117015.vasp,-2.69814
POSCAR-JVASP-113447.vasp,-0.16086
POSCAR-JVASP-107791.vasp,-1.94268
POSCAR-JVASP-108826.vasp,-2.00623
POSCAR-JVASP-113529.vasp,-0.15009
POSCAR-JVASP-113534.vasp,0.4787
POSCAR-JVASP-117082.vasp,-2.63243
POSCAR-JVASP-113580.vasp,2.80622
POSCAR-JVASP-117133.vasp,-1.83504
POSCAR-JVASP-117144.vasp,-1.5102
POSCAR-JVASP-111002.vasp,-2.12022
POSCAR-JVASP-113692.vasp,-2.11262
POSCAR-JVASP-113729.vasp,-0.24611
POSCAR-JVASP-111149.vasp,-1.47116
POSCAR-JVASP-117184.vasp,-2.65013
POSCAR-JVASP-114039.vasp,-0.77176
POSCAR-JVASP-114040.vasp,-1.95813
POSCAR-JVASP-117266.vasp,-1.349
POSCAR-JVASP-117267.vasp,-2.70119
POSCAR-JVASP-117275.vasp,-1.62556
POSCAR-JVASP-117276.vasp,-2.13329
POSCAR-JVASP-117279.vasp,-1.43273
POSCAR-JVASP-117290.vasp,-1.82814
POSCAR-JVASP-111387.vasp,-2.6586
POSCAR-JVASP-111394.vasp,-1.42508
POSCAR-JVASP-112266.vasp,-2.4381
POSCAR-JVASP-117313.vasp,-1.89661
POSCAR-JVASP-117319.vasp,-2.18207
POSCAR-JVASP-112278.vasp,-1.65019
POSCAR-JVASP-117326.vasp,-3.10445
POSCAR-JVASP-117354.vasp,-3.5818
POSCAR-JVASP-112325.vasp,-2.1346
POSCAR-JVASP-112348.vasp,-2.69622
POSCAR-JVASP-112349.vasp,-3.33232
POSCAR-JVASP-117398.vasp,-1.57971
POSCAR-JVASP-117419.vasp,-2.11328
POSCAR-JVASP-117434.vasp,-1.88803
POSCAR-JVASP-117440.vasp,-2.70718
POSCAR-JVASP-117716.vasp,-1.9709
POSCAR-JVASP-111915.vasp,-1.90469
POSCAR-JVASP-119248.vasp,-2.6387
POSCAR-JVASP-111961.vasp,-1.63196
POSCAR-JVASP-118701.vasp,-0.0249
POSCAR-JVASP-118703.vasp,-0.26212
POSCAR-JVASP-119256.vasp,-1.72591
POSCAR-JVASP-119260.vasp,-2.67155
POSCAR-JVASP-115518.vasp,-1.15752
POSCAR-JVASP-117825.vasp,1.49121
POSCAR-JVASP-117878.vasp,2.46075
POSCAR-JVASP-119277.vasp,-1.95637
POSCAR-JVASP-118817.vasp,0.35207
POSCAR-JVASP-119283.vasp,-1.51748
POSCAR-JVASP-118820.vasp,-1.50324
POSCAR-JVASP-119303.vasp,-1.23502
POSCAR-JVASP-117992.vasp,-0.89028
POSCAR-JVASP-119312.vasp,-2.10325
POSCAR-JVASP-119357.vasp,-1.73455
POSCAR-JVASP-118987.vasp,-1.82948
POSCAR-JVASP-119000.vasp,-1.85335
POSCAR-JVASP-119003.vasp,-1.8785
POSCAR-JVASP-116576.vasp,-2.01421
POSCAR-JVASP-119006.vasp,-1.86824
POSCAR-JVASP-118308.vasp,-2.05145
POSCAR-JVASP-118319.vasp,-1.26641
POSCAR-JVASP-118321.vasp,2.51314
POSCAR-JVASP-118325.vasp,-2.51181
POSCAR-JVASP-116679.vasp,-2.27108
POSCAR-JVASP-116692.vasp,-3.17528
POSCAR-JVASP-119423.vasp,-1.89315
POSCAR-JVASP-119085.vasp,-2.25749
POSCAR-JVASP-119542.vasp,-2.27675
POSCAR-JVASP-119135.vasp,-0.83029
POSCAR-JVASP-119145.vasp,-2.23854
POSCAR-JVASP-119146.vasp,-2.07088
POSCAR-JVASP-119171.vasp,-2.95005
POSCAR-JVASP-119214.vasp,-1.89611
POSCAR-JVASP-119659.vasp,-1.49064
POSCAR-JVASP-119694.vasp,-1.85307
POSCAR-JVASP-119703.vasp,-3.1189
POSCAR-JVASP-119728.vasp,-1.60297
POSCAR-JVASP-119739.vasp,-1.57375
POSCAR-JVASP-119741.vasp,-2.01806
POSCAR-JVASP-111637.vasp,-3.43688
POSCAR-JVASP-118226.vasp,-0.5308
POSCAR-JVASP-120071.vasp,-0.82139
POSCAR-JVASP-111764.vasp,-2.28383
POSCAR-JVASP-120102.vasp,-2.61132
POSCAR-JVASP-120119.vasp,-1.52667
POSCAR-JVASP-111830.vasp,-1.94591
POSCAR-JVASP-111844.vasp,-2.14493
POSCAR-JVASP-111922.vasp,-2.34047
POSCAR-JVASP-120177.vasp,-0.8533
POSCAR-JVASP-118494.vasp,-0.75346
POSCAR-JVASP-120545.vasp,-2.82322
POSCAR-JVASP-120551.vasp,-1.69285
POSCAR-JVASP-120224.vasp,-0.58432
POSCAR-JVASP-120230.vasp,-0.85139
POSCAR-JVASP-120572.vasp,-2.48525
POSCAR-JVASP-120274.vasp,-2.52835
POSCAR-JVASP-120585.vasp,-1.56441
POSCAR-JVASP-120592.vasp,-2.67234
POSCAR-JVASP-120605.vasp,-1.05654
POSCAR-JVASP-120616.vasp,-2.39399
POSCAR-JVASP-120709.vasp,-1.99452
POSCAR-JVASP-120735.vasp,-1.86099
POSCAR-JVASP-119939.vasp,-1.01392
POSCAR-JVASP-120751.vasp,-2.14273
POSCAR-JVASP-120867.vasp,-2.2309
POSCAR-JVASP-119731.vasp,-0.95164
POSCAR-JVASP-120983.vasp,-1.20937
POSCAR-JVASP-119740.vasp,-1.66178
POSCAR-JVASP-121063.vasp,1.90752
POSCAR-JVASP-121090.vasp,-0.68102
POSCAR-JVASP-121170.vasp,0.32604
POSCAR-JVASP-122454.vasp,-3.43664
POSCAR-JVASP-122464.vasp,-2.57754
POSCAR-JVASP-122471.vasp,-1.91111
POSCAR-JVASP-122476.vasp,-1.48389
POSCAR-JVASP-122489.vasp,-1.64636
POSCAR-JVASP-120954.vasp,2.50875
POSCAR-JVASP-122014.vasp,-1.86009
POSCAR-JVASP-121027.vasp,0.14064
POSCAR-JVASP-121029.vasp,-0.53601
POSCAR-JVASP-122030.vasp,-1.66426
POSCAR-JVASP-121109.vasp,-2.21123
POSCAR-JVASP-123688.vasp,-0.19977
POSCAR-JVASP-122103.vasp,-2.7864
POSCAR-JVASP-122105.vasp,-2.78163
POSCAR-JVASP-122116.vasp,-2.60018
POSCAR-JVASP-121298.vasp,0.51382
POSCAR-JVASP-121301.vasp,-0.33426
POSCAR-JVASP-121305.vasp,-0.24321
POSCAR-JVASP-121307.vasp,-0.03703
POSCAR-JVASP-122137.vasp,-2.89683
POSCAR-JVASP-122140.vasp,-2.25732
